time,low,high,open,close,volume
2021-10-29 00:01:00,60552.64,60751.32,60577.62,60722.65,43.81877504
2021-10-29 00:02:00,60615.48,60804.16,60721.59,60701.95,25.94147975
2021-10-29 00:03:00,60451.02,60722.95,60712.02,60476.71,18.32185186
2021-10-29 00:04:00,60413.96,60577.65,60466.92,60570.27,14.42261602
2021-10-29 00:05:00,60568.81,60774.94,60575.57,60731.1,14.22979804
2021-10-29 00:06:00,60683.69,60746.48,60731.11,60712.78,8.47246212
2021-10-29 00:07:00,60653.64,60726.49,60712.75,60684.28,16.73068546
2021-10-29 00:08:00,60620.8,60728.81,60684.28,60634.35,13.05292823
2021-10-29 00:09:00,60578.1,60671.47,60634.35,60610.3,8.71930789
2021-10-29 00:10:00,60563.75,60621.61,60613.49,60563.75,8.0665199
2021-10-29 00:11:00,60516.75,60568.85,60563.75,60547.29,5.75854598
2021-10-29 00:12:00,60491.93,60563.69,60556.18,60509.63,11.74161973
2021-10-29 00:13:00,60450.0,60514.55,60510.35,60450.01,5.52939718
2021-10-29 00:14:00,60395.36,60475.0,60450.01,60460.6,21.43033028
2021-10-29 00:15:00,60360.43,60465.6,60450.64,60406.62,12.0939938
2021-10-29 00:16:00,60188.73,60412.45,60407.82,60360.63,25.21567379
2021-10-29 00:17:00,60318.7,60612.37,60363.3,60560.62,15.92374821
2021-10-29 00:18:00,60447.08,60600.0,60553.4,60484.76,7.27668644
2021-10-29 00:19:00,60410.18,60562.2,60484.76,60444.51,9.86370995
2021-10-29 00:20:00,60428.18,60485.62,60451.52,60440.0,7.31122662
2021-10-29 00:21:00,60288.67,60447.6,60420.48,60307.03,11.20446992
2021-10-29 00:22:00,60302.71,60431.21,60302.71,60392.91,8.71645962
2021-10-29 00:23:00,60363.49,60429.07,60391.94,60412.51,9.12293613
2021-10-29 00:24:00,60350.44,60434.84,60411.54,60403.13,3.65867901
2021-10-29 00:25:00,60320.0,60446.8,60403.14,60356.93,8.20068107
2021-10-29 00:26:00,60319.25,60365.75,60346.21,60345.52,4.31379963
2021-10-29 00:27:00,60332.96,60428.28,60345.52,60414.73,9.59932298
2021-10-29 00:28:00,60385.14,60428.13,60417.66,60418.2,4.29272925
2021-10-29 00:29:00,60385.96,60468.01,60418.2,60393.74,5.80830458
2021-10-29 00:30:00,60374.62,60488.1,60393.74,60480.8,9.87590945
2021-10-29 00:31:00,60441.25,60499.97,60480.81,60485.6,4.20323386
2021-10-29 00:32:00,60436.58,60496.51,60485.6,60453.07,3.26607281
2021-10-29 00:33:00,60412.06,60457.58,60453.07,60418.46,9.25385706
2021-10-29 00:34:00,60383.2,60495.6,60415.3,60495.6,8.58166323
2021-10-29 00:35:00,60467.14,60561.79,60500.0,60554.25,6.89425812
2021-10-29 00:36:00,60546.0,60626.81,60552.31,60612.6,13.14038936
2021-10-29 00:37:00,60393.27,60622.51,60612.6,60504.1,19.64590064
2021-10-29 00:38:00,60487.49,60559.58,60504.1,60509.81,8.35477986
2021-10-29 00:39:00,60470.14,60579.04,60504.52,60546.8,8.28101624
2021-10-29 00:40:00,60512.94,60637.28,60537.04,60637.28,9.30765237
2021-10-29 00:41:00,60588.91,60697.56,60629.61,60643.28,14.08726306
2021-10-29 00:42:00,60609.46,60652.79,60636.86,60612.4,4.77617145
2021-10-29 00:43:00,60607.02,60644.95,60614.04,60628.27,4.24557384
2021-10-29 00:44:00,60610.29,60678.22,60631.74,60673.19,5.710263
2021-10-29 00:45:00,60629.98,60732.29,60673.95,60702.28,10.35766925
2021-10-29 00:46:00,60681.62,60780.0,60707.21,60745.37,14.26039807
2021-10-29 00:47:00,60745.37,60886.51,60745.37,60873.65,19.90723615
2021-10-29 00:48:00,60839.22,60994.84,60876.61,60988.09,28.59393299
2021-10-29 00:49:00,60912.29,61061.22,60982.45,61053.42,21.40929627
2021-10-29 00:50:00,60980.03,61095.59,61061.21,61015.07,17.43404309
2021-10-29 00:51:00,60962.93,61098.09,61011.17,61087.19,12.84892368
2021-10-29 00:52:00,61000.01,61096.4,61081.94,61020.28,14.36800252
2021-10-29 00:53:00,60999.46,61081.36,61020.29,61072.58,6.79375603
2021-10-29 00:54:00,60989.56,61074.59,61064.59,61042.06,10.19416871
2021-10-29 00:55:00,61003.61,61074.93,61044.47,61074.93,8.03063804
2021-10-29 00:56:00,61071.26,61165.66,61074.93,61101.31,17.04307945
2021-10-29 00:57:00,61092.23,61185.52,61104.89,61147.25,16.18370993
2021-10-29 00:58:00,61142.14,61250.0,61147.49,61218.6,26.25057176
2021-10-29 00:59:00,61208.74,61415.23,61225.19,61392.08,26.24929028
2021-10-29 01:00:00,61295.72,61430.14,61392.08,61363.4,11.33322543
2021-10-29 01:01:00,61350.57,61440.0,61363.98,61407.09,10.79851401
2021-10-29 01:02:00,61329.42,61445.9,61403.68,61440.27,15.90648011
2021-10-29 01:03:00,61357.21,61443.35,61437.26,61365.13,8.21032332
2021-10-29 01:04:00,61344.72,61382.27,61362.27,61349.76,5.20363135
2021-10-29 01:05:00,61345.77,61365.95,61349.76,61357.53,6.9245739
2021-10-29 01:06:00,61322.26,61365.92,61355.53,61345.89,19.4721691
2021-10-29 01:07:00,61300.28,61354.91,61346.5,61302.95,5.90405691
2021-10-29 01:08:00,61300.0,61400.0,61309.31,61389.88,8.19704162
2021-10-29 01:09:00,61285.69,61382.71,61382.71,61334.26,12.12072029
2021-10-29 01:10:00,61301.46,61365.28,61326.44,61312.13,10.04933278
2021-10-29 01:11:00,61309.7,61355.21,61313.73,61335.34,11.25919477
2021-10-29 01:12:00,61281.44,61350.0,61336.19,61287.91,16.04444112
2021-10-29 01:13:00,61281.18,61326.21,61285.07,61296.17,17.68591899
2021-10-29 01:14:00,61280.78,61306.78,61296.18,61294.68,10.49574881
2021-10-29 01:15:00,61264.59,61313.75,61289.73,61300.58,12.03965362
2021-10-29 01:16:00,61273.89,61315.0,61305.2,61304.7,11.77025257
2021-10-29 01:17:00,61304.7,61341.84,61304.71,61315.07,17.34208383
2021-10-29 01:18:00,61253.94,61324.85,61315.12,61262.01,11.79365675
2021-10-29 01:19:00,61257.89,61315.29,61262.0,61263.47,7.03013015
2021-10-29 01:20:00,61263.47,61323.25,61263.47,61308.31,10.37186495
2021-10-29 01:21:00,61301.75,61326.17,61309.47,61307.17,4.8763525
2021-10-29 01:22:00,61305.71,61340.0,61311.64,61335.0,6.62015973
2021-10-29 01:23:00,61312.08,61349.12,61335.0,61331.97,10.95557138
2021-10-29 01:24:00,61329.34,61427.0,61330.07,61427.0,12.82674542
2021-10-29 01:25:00,61426.96,61675.0,61426.99,61674.99,29.71673864
2021-10-29 01:26:00,61600.02,61841.71,61675.0,61806.68,30.2391889
2021-10-29 01:27:00,61809.8,61981.81,61809.8,61884.81,48.10780915
2021-10-29 01:28:00,61881.94,62082.93,61882.83,61968.99,53.98006049
2021-10-29 01:29:00,61944.7,62041.86,61968.99,61980.25,20.24629943
2021-10-29 01:30:00,61948.52,62016.47,61967.47,61998.4,21.71403587
2021-10-29 01:31:00,61945.22,62004.23,61994.66,61963.8,28.63186663
2021-10-29 01:32:00,61714.17,61975.0,61961.85,61914.26,38.78577553
2021-10-29 01:33:00,61819.8,61925.8,61921.53,61824.84,10.35267833
2021-10-29 01:34:00,61763.08,61848.53,61824.84,61780.5,9.09428009
2021-10-29 01:35:00,61706.74,61822.26,61780.5,61706.74,14.29572031
2021-10-29 01:36:00,61689.44,61751.44,61705.48,61701.21,10.09208375
2021-10-29 01:37:00,61672.87,61740.39,61707.42,61735.01,20.39832719
2021-10-29 01:38:00,61710.5,61759.85,61735.02,61736.67,9.84256822
2021-10-29 01:39:00,61688.16,61745.25,61741.07,61703.52,9.02688537
2021-10-29 01:40:00,61650.37,61703.53,61703.53,61659.2,9.00908669
2021-10-29 01:41:00,61608.33,61672.39,61661.88,61609.78,9.81019161
2021-10-29 01:42:00,61592.24,61664.07,61612.23,61649.29,11.24833357
2021-10-29 01:43:00,61594.73,61650.26,61641.18,61603.59,7.63102639
2021-10-29 01:44:00,61594.72,61650.31,61603.58,61601.06,10.34541019
2021-10-29 01:45:00,61587.29,61622.3,61603.16,61620.21,10.33055328
2021-10-29 01:46:00,61604.64,61641.42,61620.21,61606.43,9.09636738
2021-10-29 01:47:00,61576.84,61626.38,61606.44,61587.69,11.45347767
2021-10-29 01:48:00,61546.22,61624.73,61587.69,61610.92,8.66228092
2021-10-29 01:49:00,61608.3,61633.89,61615.48,61619.95,5.19152762
2021-10-29 01:50:00,61556.31,61622.63,61620.76,61557.08,4.59989241
2021-10-29 01:51:00,61494.39,61557.08,61555.82,61529.87,11.80375558
2021-10-29 01:52:00,61515.16,61536.18,61529.88,61523.31,4.95490909
2021-10-29 01:53:00,61488.14,61527.29,61520.99,61504.52,12.95054911
2021-10-29 01:54:00,61483.19,61509.96,61504.53,61485.99,6.52035028
2021-10-29 01:55:00,61483.16,61542.66,61485.98,61540.99,11.8942593
2021-10-29 01:56:00,61477.3,61537.33,61534.56,61489.36,4.98648517
2021-10-29 01:57:00,61454.85,61495.58,61489.36,61472.45,8.87868382
2021-10-29 01:58:00,61424.84,61487.0,61461.48,61487.0,9.81872312
2021-10-29 01:59:00,61400.01,61494.8,61486.99,61400.01,10.5540232
2021-10-29 02:00:00,61380.0,61490.16,61400.0,61483.27,10.89387266
2021-10-29 02:01:00,61441.12,61499.28,61478.72,61487.2,13.46454253
2021-10-29 02:02:00,61477.32,61607.72,61485.42,61607.72,13.22238985
2021-10-29 02:03:00,61583.96,61648.24,61607.73,61624.87,7.64685667
2021-10-29 02:04:00,61595.0,61650.0,61629.41,61642.78,11.75082282
2021-10-29 02:05:00,61615.5,61653.38,61642.78,61643.86,6.67134223
2021-10-29 02:06:00,61643.86,61706.15,61643.86,61686.14,10.85832955
2021-10-29 02:07:00,61666.06,61744.86,61682.29,61715.53,9.05981572
2021-10-29 02:08:00,61685.46,61752.85,61704.8,61700.0,14.8519393
2021-10-29 02:09:00,61679.92,61716.71,61698.8,61706.88,6.34858335
2021-10-29 02:10:00,61661.89,61725.25,61706.88,61695.73,8.769786
2021-10-29 02:11:00,61636.45,61703.36,61697.1,61664.94,8.28163374
2021-10-29 02:12:00,61625.36,61675.86,61664.24,61673.78,7.55907789
2021-10-29 02:13:00,61629.57,61673.78,61673.78,61638.41,7.35243633
2021-10-29 02:14:00,61625.42,61643.91,61640.14,61638.47,8.10631926
2021-10-29 02:15:00,61631.01,61682.61,61636.5,61656.7,13.93406825
2021-10-29 02:16:00,61555.02,61659.4,61659.4,61555.02,10.34059572
2021-10-29 02:17:00,61447.23,61562.32,61555.01,61531.56,12.01878459
2021-10-29 02:18:00,61527.81,61571.37,61538.8,61571.36,6.00762826
2021-10-29 02:19:00,61553.29,61568.28,61567.06,61559.69,4.91313002
2021-10-29 02:20:00,61528.91,61559.7,61559.7,61547.88,5.56485623
2021-10-29 02:21:00,61536.01,61573.16,61545.2,61542.09,6.91360399
2021-10-29 02:22:00,61527.8,61568.17,61543.61,61568.17,4.87962666
2021-10-29 02:23:00,61539.59,61583.26,61561.59,61549.83,8.94110819
2021-10-29 02:24:00,61541.18,61590.0,61550.72,61543.32,8.64272972
2021-10-29 02:25:00,61479.1,61548.79,61548.79,61496.6,10.81862991
2021-10-29 02:26:00,61473.08,61531.89,61493.08,61514.48,2.63286196
2021-10-29 02:27:00,61498.48,61549.81,61509.25,61544.95,3.81787638
2021-10-29 02:28:00,61535.02,61549.81,61546.25,61546.49,3.8219774
2021-10-29 02:29:00,61516.25,61547.02,61541.43,61519.96,3.6475895
2021-10-29 02:30:00,61449.0,61523.47,61519.96,61454.73,7.91420553
2021-10-29 02:31:00,61405.91,61457.25,61457.24,61419.11,10.98814992
2021-10-29 02:32:00,61366.3,61451.89,61419.11,61442.97,14.22063625
2021-10-29 02:33:00,61429.43,61494.46,61440.2,61461.53,8.2558448
2021-10-29 02:34:00,61435.71,61476.29,61459.68,61453.59,5.8070048
2021-10-29 02:35:00,61405.67,61459.96,61450.94,61412.82,11.1472492
2021-10-29 02:36:00,61391.99,61440.8,61414.38,61436.43,15.83522813
2021-10-29 02:37:00,61385.94,61440.9,61433.79,61398.12,6.96831232
2021-10-29 02:38:00,61380.0,61450.87,61397.53,61435.36,8.19676032
2021-10-29 02:39:00,61427.82,61467.28,61436.88,61427.83,6.68760392
2021-10-29 02:40:00,61418.45,61446.5,61431.65,61444.22,6.84735366
2021-10-29 02:41:00,61441.95,61465.6,61444.25,61452.62,5.69197504
2021-10-29 02:42:00,61433.57,61496.1,61452.54,61495.55,4.73534129
2021-10-29 02:43:00,61472.32,61514.87,61494.51,61507.45,4.47870874
2021-10-29 02:44:00,61485.54,61530.5,61507.65,61529.53,7.45481255
2021-10-29 02:45:00,61508.43,61536.79,61523.04,61536.79,4.82086565
2021-10-29 02:46:00,61507.8,61542.21,61542.21,61511.79,2.90406624
2021-10-29 02:47:00,61485.84,61528.02,61511.63,61485.84,3.56967465
2021-10-29 02:48:00,61479.92,61511.8,61488.55,61495.25,4.68106611
2021-10-29 02:49:00,61479.96,61495.25,61495.19,61488.28,5.31789547
2021-10-29 02:50:00,61447.84,61524.27,61495.15,61508.76,21.7366213
2021-10-29 02:51:00,61502.57,61522.11,61508.76,61515.76,3.32334434
2021-10-29 02:52:00,61502.28,61530.05,61515.76,61526.62,6.12882016
2021-10-29 02:53:00,61513.43,61560.15,61527.41,61556.26,4.38641916
2021-10-29 02:54:00,61550.73,61600.0,61550.73,61598.61,3.19842743
2021-10-29 02:55:00,61598.6,61623.84,61598.61,61616.38,3.50227488
2021-10-29 02:56:00,61618.33,61680.08,61618.33,61673.27,5.79048766
2021-10-29 02:57:00,61657.11,61680.05,61670.94,61669.33,7.94733683
2021-10-29 02:58:00,61644.0,61680.02,61669.33,61645.34,2.34167384
2021-10-29 02:59:00,61591.61,61652.06,61645.34,61604.57,6.8679885
2021-10-29 03:00:00,61604.5,61649.56,61604.57,61649.51,3.96668987
2021-10-29 03:01:00,61649.5,61681.09,61649.5,61665.24,2.20153936
2021-10-29 03:02:00,61603.45,61665.5,61665.24,61606.4,1.89804086
2021-10-29 03:03:00,61593.32,61611.45,61605.16,61596.48,2.27993567
2021-10-29 03:04:00,61546.11,61604.47,61596.47,61604.47,6.70259011
2021-10-29 03:05:00,61601.65,61699.11,61601.69,61693.13,6.3313654
2021-10-29 03:06:00,61685.54,61755.97,61693.12,61755.96,5.35203052
2021-10-29 03:07:00,61725.8,61759.33,61755.96,61725.8,3.6744093
2021-10-29 03:08:00,61662.31,61733.84,61731.48,61675.01,9.32229337
2021-10-29 03:09:00,61639.59,61683.88,61675.0,61646.3,7.43824153
2021-10-29 03:10:00,61614.11,61656.81,61646.3,61625.22,2.06919656
2021-10-29 03:11:00,61622.24,61646.3,61625.3,61646.29,5.21722774
2021-10-29 03:12:00,61614.11,61646.3,61646.28,61614.14,2.37004068
2021-10-29 03:13:00,61584.88,61628.99,61619.41,61591.31,6.26227911
2021-10-29 03:14:00,61585.09,61627.0,61588.52,61614.43,4.3873017
2021-10-29 03:15:00,61582.86,61633.9,61614.44,61582.86,4.81164275
2021-10-29 03:16:00,61554.0,61590.61,61588.66,61562.09,5.56159024
2021-10-29 03:17:00,61553.47,61593.93,61563.78,61589.65,4.45884477
2021-10-29 03:18:00,61581.3,61624.06,61589.65,61624.06,5.10529937
2021-10-29 03:19:00,61602.58,61650.07,61619.95,61608.43,3.82977178
2021-10-29 03:20:00,61595.18,61620.73,61608.44,61620.4,6.9029548
2021-10-29 03:21:00,61607.15,61646.97,61620.4,61612.92,4.3182743
2021-10-29 03:22:00,61609.37,61652.97,61615.28,61642.91,4.45726011
2021-10-29 03:23:00,61644.04,61676.41,61644.04,61668.3,6.52782665
2021-10-29 03:24:00,61668.3,61739.45,61672.47,61722.8,4.14373524
2021-10-29 03:25:00,61717.86,61776.62,61727.77,61769.76,7.40966438
2021-10-29 03:26:00,61691.52,61769.76,61769.75,61708.97,6.08458676
2021-10-29 03:27:00,61706.52,61744.86,61706.52,61738.18,3.54784555
2021-10-29 03:28:00,61738.8,61792.09,61738.81,61785.53,4.39408337
2021-10-29 03:29:00,61783.12,61856.35,61791.12,61856.35,15.4441583
2021-10-29 03:30:00,61749.03,61861.78,61856.14,61759.88,12.74307083
2021-10-29 03:31:00,61735.5,61776.16,61759.89,61743.25,8.33355435
2021-10-29 03:32:00,61700.14,61755.44,61741.45,61702.1,3.3795598
2021-10-29 03:33:00,61679.55,61712.68,61701.09,61686.54,8.9169573
2021-10-29 03:34:00,61633.44,61694.08,61686.54,61678.97,3.77529255
2021-10-29 03:35:00,61640.29,61687.51,61678.97,61653.78,3.82077685
2021-10-29 03:36:00,61653.78,61717.61,61653.79,61707.3,6.3655473
2021-10-29 03:37:00,61572.31,61716.83,61711.16,61618.32,15.02142331
2021-10-29 03:38:00,61593.22,61633.1,61617.91,61596.33,2.14203839
2021-10-29 03:39:00,61579.5,61627.75,61597.52,61592.76,4.26108149
2021-10-29 03:40:00,61570.56,61609.33,61593.98,61602.86,7.02213852
2021-10-29 03:41:00,61592.31,61636.35,61607.42,61609.4,6.48215328
2021-10-29 03:42:00,61606.56,61632.02,61607.55,61616.49,4.47478113
2021-10-29 03:43:00,61606.41,61624.55,61616.48,61609.38,2.15253548
2021-10-29 03:44:00,61608.59,61625.0,61609.37,61620.15,4.15456284
2021-10-29 03:45:00,61564.25,61620.15,61620.15,61584.96,7.07648769
2021-10-29 03:46:00,61570.04,61607.68,61584.48,61576.43,7.11686607
2021-10-29 03:47:00,61550.0,61587.12,61581.51,61553.14,5.66832739
2021-10-29 03:48:00,61548.93,61587.35,61553.15,61573.64,5.19258858
2021-10-29 03:49:00,61568.43,61610.0,61573.99,61577.63,3.11159565
2021-10-29 03:50:00,61574.99,61620.0,61576.12,61620.0,7.01794073
2021-10-29 03:51:00,61595.85,61634.01,61611.83,61634.01,4.82180104
2021-10-29 03:52:00,61630.0,61660.4,61634.01,61651.75,5.5489889
2021-10-29 03:53:00,61640.01,61658.36,61651.76,61654.63,8.17818414
2021-10-29 03:54:00,61650.06,61725.87,61654.62,61725.87,3.96616223
2021-10-29 03:55:00,61684.68,61735.05,61728.25,61704.41,11.94621207
2021-10-29 03:56:00,61704.4,61764.86,61704.41,61741.22,13.65308063
2021-10-29 03:57:00,61683.34,61740.99,61740.99,61685.33,4.41782918
2021-10-29 03:58:00,61655.4,61710.26,61685.33,61695.65,9.43261859
2021-10-29 03:59:00,61656.24,61698.07,61693.03,61665.11,7.16813981
2021-10-29 04:00:00,61658.65,61725.76,61665.1,61723.76,12.61182036
2021-10-29 04:01:00,61665.11,61729.48,61723.16,61671.95,10.39495127
2021-10-29 04:02:00,61635.15,61674.74,61674.74,61635.78,3.97160206
2021-10-29 04:03:00,61625.0,61646.68,61635.78,61630.67,4.556633
2021-10-29 04:04:00,61600.01,61630.82,61625.06,61617.94,4.81891372
2021-10-29 04:05:00,61548.56,61612.5,61612.5,61561.92,4.47476268
2021-10-29 04:06:00,61532.92,61581.1,61561.91,61572.79,4.70920467
2021-10-29 04:07:00,61568.68,61600.0,61570.81,61599.99,3.55886909
2021-10-29 04:08:00,61594.66,61623.98,61600.0,61613.98,3.4845048
2021-10-29 04:09:00,61577.21,61619.64,61613.97,61588.1,3.09303706
2021-10-29 04:10:00,61550.46,61630.24,61588.1,61576.06,9.31361548
2021-10-29 04:11:00,61568.79,61584.56,61577.63,61569.09,3.35585867
2021-10-29 04:12:00,61540.31,61569.15,61569.09,61540.86,3.49850988
2021-10-29 04:13:00,61540.85,61587.41,61540.86,61541.44,3.01264567
2021-10-29 04:14:00,61513.43,61542.24,61541.44,61517.82,3.77869326
2021-10-29 04:15:00,61515.1,61563.31,61522.93,61557.11,3.50636702
2021-10-29 04:16:00,61556.42,61586.4,61559.76,61563.22,6.79152857
2021-10-29 04:17:00,61561.98,61598.67,61562.42,61586.87,5.00232833
2021-10-29 04:18:00,61572.99,61599.94,61589.76,61579.05,2.35568184
2021-10-29 04:19:00,61542.66,61583.48,61579.06,61558.63,2.69945317
2021-10-29 04:20:00,61541.79,61572.66,61558.62,61562.63,4.31459957
2021-10-29 04:21:00,61555.07,61599.99,61561.28,61582.22,2.98431657
2021-10-29 04:22:00,61548.01,61584.25,61580.21,61580.26,2.48119955
2021-10-29 04:23:00,61579.85,61585.0,61580.25,61579.86,1.6362245
2021-10-29 04:24:00,61550.36,61579.86,61579.85,61576.16,3.09052455
2021-10-29 04:25:00,61563.51,61585.0,61576.17,61577.59,2.05612147
2021-10-29 04:26:00,61539.99,61580.38,61577.6,61541.94,3.45316788
2021-10-29 04:27:00,61539.99,61570.13,61550.69,61569.62,3.54059271
2021-10-29 04:28:00,61547.52,61570.13,61569.62,61549.2,1.32557456
2021-10-29 04:29:00,61505.93,61564.98,61551.9,61564.65,27.27309702
2021-10-29 04:30:00,61549.01,61585.0,61559.52,61557.35,1.82173376
2021-10-29 04:31:00,61520.37,61567.46,61557.36,61527.43,3.28406663
2021-10-29 04:32:00,61522.29,61541.63,61527.39,61532.18,1.62115684
2021-10-29 04:33:00,61486.75,61533.41,61530.7,61509.89,3.31441273
2021-10-29 04:34:00,61477.03,61516.68,61509.91,61490.18,1.49277982
2021-10-29 04:35:00,61401.55,61517.07,61490.19,61498.36,10.51394533
2021-10-29 04:36:00,61499.59,61638.59,61499.59,61632.8,8.54807892
2021-10-29 04:37:00,61563.77,61638.98,61628.73,61563.78,2.95607498
2021-10-29 04:38:00,61515.97,61565.99,61563.78,61516.67,2.63820937
2021-10-29 04:39:00,61494.51,61579.89,61516.67,61512.17,6.96418843
2021-10-29 04:40:00,61509.41,61554.6,61516.31,61538.02,4.40786124
2021-10-29 04:41:00,61501.43,61567.04,61538.92,61502.74,6.2907124
2021-10-29 04:42:00,61503.78,61554.85,61505.23,61522.22,4.3890862
2021-10-29 04:43:00,61478.92,61528.4,61522.18,61479.56,4.51055596
2021-10-29 04:44:00,61477.64,61513.01,61483.44,61510.98,3.32117303
2021-10-29 04:45:00,61420.76,61525.0,61511.56,61425.2,9.5193622
2021-10-29 04:46:00,61412.57,61457.58,61425.2,61429.59,3.31370392
2021-10-29 04:47:00,61425.65,61449.91,61427.35,61449.66,1.55105471
2021-10-29 04:48:00,61434.0,61510.34,61459.53,61505.62,2.99982376
2021-10-29 04:49:00,61496.75,61537.48,61506.23,61518.95,3.37139121
2021-10-29 04:50:00,61513.67,61578.28,61518.96,61576.74,3.64172992
2021-10-29 04:51:00,61566.54,61607.73,61576.74,61598.25,5.88848951
2021-10-29 04:52:00,61538.93,61604.62,61598.25,61553.93,2.86681233
2021-10-29 04:53:00,61542.66,61560.83,61554.6,61559.19,1.98447389
2021-10-29 04:54:00,61544.34,61561.55,61556.96,61555.06,1.76467578
2021-10-29 04:55:00,61552.36,61600.0,61552.36,61594.43,2.48633159
2021-10-29 04:56:00,61591.02,61600.0,61594.43,61599.99,1.09558863
2021-10-29 04:57:00,61592.97,61609.0,61599.6,61597.27,29.65475183
2021-10-29 04:58:00,61566.24,61602.93,61596.45,61581.76,3.73137966
2021-10-29 04:59:00,61524.33,61583.86,61580.96,61527.95,2.04679114
2021-10-29 05:00:00,61456.28,61601.44,61526.13,61601.44,4.39822649
2021-10-29 05:01:00,61529.38,61602.96,61602.95,61538.94,10.2309091
2021-10-29 05:02:00,61514.65,61585.42,61544.86,61583.24,20.31778913
2021-10-29 05:03:00,61518.67,61587.33,61587.33,61528.57,3.31740971
2021-10-29 05:04:00,61501.35,61532.54,61532.54,61508.78,1.3428427
2021-10-29 05:05:00,61507.55,61542.63,61509.27,61520.81,2.50831445
2021-10-29 05:06:00,61425.83,61520.81,61520.81,61433.76,4.83010642
2021-10-29 05:07:00,61381.44,61436.38,61433.75,61383.18,7.49510353
2021-10-29 05:08:00,61322.98,61391.97,61383.17,61359.89,5.47945573
2021-10-29 05:09:00,61362.65,61401.87,61362.65,61379.21,5.53891409
2021-10-29 05:10:00,61380.15,61434.18,61380.15,61428.61,6.91758103
2021-10-29 05:11:00,61425.38,61468.13,61428.62,61431.7,7.31075852
2021-10-29 05:12:00,61428.24,61460.45,61431.71,61449.14,3.93205238
2021-10-29 05:13:00,61445.88,61459.32,61447.41,61457.24,1.7228742
2021-10-29 05:14:00,61452.11,61459.56,61457.23,61459.56,0.52635347
2021-10-29 05:15:00,61428.63,61468.63,61456.18,61436.92,5.28430072
2021-10-29 05:16:00,61380.18,61440.03,61436.92,61381.75,3.83536341
2021-10-29 05:17:00,61162.84,61381.76,61381.76,61364.14,37.76727497
2021-10-29 05:18:00,61215.24,61359.87,61359.87,61279.9,14.68391882
2021-10-29 05:19:00,61220.72,61304.09,61279.9,61223.45,4.58661075
2021-10-29 05:20:00,61121.68,61256.26,61217.66,61256.26,13.53689642
2021-10-29 05:21:00,61242.15,61292.18,61256.26,61277.25,4.29238124
2021-10-29 05:22:00,61273.47,61323.75,61277.26,61315.49,2.06745397
2021-10-29 05:23:00,61288.14,61360.8,61323.26,61307.67,6.78819429
2021-10-29 05:24:00,61247.19,61305.96,61305.96,61304.39,13.44021146
2021-10-29 05:25:00,61304.38,61367.76,61304.39,61330.0,7.3778714
2021-10-29 05:26:00,61289.68,61330.0,61329.99,61301.3,5.94746868
2021-10-29 05:27:00,61263.27,61330.0,61303.26,61266.91,2.25148798
2021-10-29 05:28:00,61212.94,61298.64,61266.91,61212.94,16.04052536
2021-10-29 05:29:00,61118.78,61259.58,61222.3,61240.17,9.62137664
2021-10-29 05:30:00,61230.0,61280.62,61240.17,61264.27,12.844671
2021-10-29 05:31:00,61205.9,61293.03,61264.27,61288.65,4.96563991
2021-10-29 05:32:00,61224.01,61286.35,61283.62,61231.15,1.97753745
2021-10-29 05:33:00,61140.07,61230.89,61229.94,61140.07,5.06523218
2021-10-29 05:34:00,61011.0,61152.62,61149.56,61077.22,8.31753525
2021-10-29 05:35:00,61054.33,61133.89,61077.22,61069.54,6.73648571
2021-10-29 05:36:00,61034.76,61069.54,61069.54,61054.5,2.43142188
2021-10-29 05:37:00,60896.37,61058.76,61058.76,60945.69,25.70053492
2021-10-29 05:38:00,60897.33,61054.19,60930.38,61035.08,13.09904229
2021-10-29 05:39:00,61006.86,61077.37,61035.09,61040.25,3.62649718
2021-10-29 05:40:00,61008.93,61100.0,61045.68,61058.45,6.08968793
2021-10-29 05:41:00,61027.67,61075.45,61059.4,61066.71,3.51538349
2021-10-29 05:42:00,61012.06,61083.96,61061.29,61021.77,4.48604717
2021-10-29 05:43:00,60825.56,61048.4,61021.77,60852.98,11.91525803
2021-10-29 05:44:00,60714.28,60888.77,60857.36,60735.03,11.22760431
2021-10-29 05:45:00,60695.94,60874.54,60741.11,60861.67,12.29057226
2021-10-29 05:46:00,60790.0,60898.43,60861.58,60790.0,29.93665647
2021-10-29 05:47:00,60725.85,60799.0,60791.59,60729.39,8.88098933
2021-10-29 05:48:00,60714.62,60821.79,60740.72,60784.81,8.6467314
2021-10-29 05:49:00,60774.44,60847.38,60783.91,60843.11,4.67057124
2021-10-29 05:50:00,60840.98,60901.99,60843.1,60875.68,5.57013342
2021-10-29 05:51:00,60868.16,60941.87,60875.71,60930.66,3.94903145
2021-10-29 05:52:00,60907.74,60956.83,60937.74,60942.11,4.58283754
2021-10-29 05:53:00,60911.03,60957.72,60943.44,60939.43,5.3645952
2021-10-29 05:54:00,60911.55,60948.7,60942.29,60938.89,1.54970691
2021-10-29 05:55:00,60903.66,60939.83,60939.8,60921.24,4.625197
2021-10-29 05:56:00,60897.75,60999.83,60924.99,60944.4,8.0195878
2021-10-29 05:57:00,60932.42,60969.24,60932.42,60968.43,3.14512316
2021-10-29 05:58:00,60943.77,60996.43,60961.07,60955.43,8.80885516
2021-10-29 05:59:00,60954.29,61018.4,60955.42,61010.49,4.21218811
2021-10-29 06:00:00,60946.17,61018.27,61010.49,60967.74,12.61062989
2021-10-29 06:01:00,60918.56,60967.74,60967.74,60946.93,6.09436893
2021-10-29 06:02:00,60917.29,60953.39,60946.93,60922.34,2.28194974
2021-10-29 06:03:00,60909.29,60956.06,60922.08,60909.29,5.99812456
2021-10-29 06:04:00,60881.74,60925.02,60911.08,60894.94,3.3202948
2021-10-29 06:05:00,60884.54,61038.5,60894.93,61038.5,4.92690492
2021-10-29 06:06:00,61035.47,61122.22,61042.77,61102.27,4.64858148
2021-10-29 06:07:00,61054.67,61104.12,61102.27,61081.98,1.7971964
2021-10-29 06:08:00,61066.92,61102.05,61079.0,61089.12,3.55953763
2021-10-29 06:09:00,61089.12,61140.12,61089.13,61134.99,6.26575111
2021-10-29 06:10:00,61102.93,61137.79,61134.94,61126.26,7.26395733
2021-10-29 06:11:00,61125.49,61147.54,61126.26,61147.49,1.57983375
2021-10-29 06:12:00,61122.56,61181.25,61143.22,61181.25,1.66776963
2021-10-29 06:13:00,61166.93,61212.65,61180.64,61212.63,4.51872568
2021-10-29 06:14:00,61183.53,61257.21,61209.64,61231.47,12.84731201
2021-10-29 06:15:00,61194.8,61265.3,61231.5,61263.49,2.65501842
2021-10-29 06:16:00,61225.14,61267.18,61258.61,61247.91,4.59046171
2021-10-29 06:17:00,61247.73,61261.44,61255.55,61256.28,1.11984759
2021-10-29 06:18:00,61178.59,61268.33,61252.12,61239.63,4.77188114
2021-10-29 06:19:00,61169.93,61245.73,61244.54,61181.72,2.55299066
2021-10-29 06:20:00,61123.95,61186.01,61181.73,61127.82,3.6335188
2021-10-29 06:21:00,61123.76,61170.48,61129.32,61147.94,3.49182194
2021-10-29 06:22:00,61123.8,61170.61,61148.43,61126.4,3.95025303
2021-10-29 06:23:00,61065.01,61136.05,61132.66,61093.33,6.8779614
2021-10-29 06:24:00,61028.13,61107.98,61093.33,61080.86,3.45754816
2021-10-29 06:25:00,61090.31,61146.13,61090.31,61143.07,2.96559349
2021-10-29 06:26:00,61085.13,61146.13,61138.5,61102.61,6.31805559
2021-10-29 06:27:00,61092.59,61146.45,61102.64,61105.45,2.73615738
2021-10-29 06:28:00,61095.86,61127.87,61105.44,61119.58,5.36891391
2021-10-29 06:29:00,61088.7,61127.15,61127.15,61127.14,2.87253374
2021-10-29 06:30:00,61102.03,61174.39,61127.15,61174.39,4.32260753
2021-10-29 06:31:00,61174.38,61258.91,61174.39,61245.18,2.4106928
2021-10-29 06:32:00,61225.37,61253.61,61245.18,61241.62,2.38342396
2021-10-29 06:33:00,61231.79,61271.03,61241.62,61267.77,2.4616066
2021-10-29 06:34:00,61248.55,61271.03,61267.77,61262.4,2.9484101
2021-10-29 06:35:00,61231.07,61290.0,61261.97,61290.0,1.97735746
2021-10-29 06:36:00,61262.74,61290.0,61289.99,61286.42,5.83043023
2021-10-29 06:37:00,61273.27,61299.0,61286.43,61279.21,2.86421867
2021-10-29 06:38:00,61245.4,61292.56,61287.21,61266.25,1.87177098
2021-10-29 06:39:00,61226.22,61266.24,61266.24,61231.36,1.48053507
2021-10-29 06:40:00,61214.36,61231.37,61231.37,61214.36,1.05186824
2021-10-29 06:41:00,61191.99,61220.35,61207.58,61216.26,1.29321846
2021-10-29 06:42:00,61206.12,61252.66,61216.27,61240.16,5.57862139
2021-10-29 06:43:00,61241.78,61299.0,61242.48,61299.0,2.40805041
2021-10-29 06:44:00,61291.74,61409.22,61297.62,61368.56,8.12574243
2021-10-29 06:45:00,61366.62,61405.48,61372.25,61398.35,2.80835074
2021-10-29 06:46:00,61363.8,61418.1,61397.76,61401.7,9.30581669
2021-10-29 06:47:00,61386.01,61429.26,61408.42,61387.21,2.88847039
2021-10-29 06:48:00,61338.63,61397.73,61390.59,61338.63,0.95744825
2021-10-29 06:49:00,61314.46,61411.12,61327.56,61408.1,4.37353038
2021-10-29 06:50:00,61376.98,61406.92,61398.65,61388.94,0.82627956
2021-10-29 06:51:00,61350.0,61388.94,61388.93,61364.82,2.09874708
2021-10-29 06:52:00,61330.0,61366.0,61362.85,61330.73,5.55953427
2021-10-29 06:53:00,61259.45,61359.7,61330.73,61354.3,4.16591285
2021-10-29 06:54:00,61356.27,61431.1,61359.7,61366.67,6.26898758
2021-10-29 06:55:00,61353.12,61399.81,61358.97,61377.7,3.77941311
2021-10-29 06:56:00,61369.69,61402.73,61377.77,61394.82,3.52353295
2021-10-29 06:57:00,61387.13,61425.19,61393.32,61410.21,2.73999912
2021-10-29 06:58:00,61391.76,61428.63,61398.57,61403.4,2.69928473
2021-10-29 06:59:00,61351.15,61419.06,61407.48,61379.53,2.07500115
2021-10-29 07:00:00,61270.03,61374.04,61374.04,61301.92,6.20826879
2021-10-29 07:01:00,61230.74,61314.26,61301.92,61230.74,20.03339121
2021-10-29 07:02:00,61176.86,61260.85,61238.84,61176.86,15.92222973
2021-10-29 07:03:00,61083.9,61184.57,61173.81,61136.02,4.01883354
2021-10-29 07:04:00,61098.65,61156.1,61136.74,61098.65,4.56724089
2021-10-29 07:05:00,61098.66,61164.69,61098.66,61154.44,3.87879095
2021-10-29 07:06:00,61121.89,61159.96,61154.5,61146.62,5.9096654
2021-10-29 07:07:00,61134.59,61196.21,61139.18,61163.88,7.6783416
2021-10-29 07:08:00,61135.0,61167.23,61163.88,61166.82,3.93701572
2021-10-29 07:09:00,61151.65,61187.56,61166.82,61161.94,6.18553009
2021-10-29 07:10:00,61112.27,61166.81,61161.94,61113.45,14.21068141
2021-10-29 07:11:00,61061.22,61135.0,61120.78,61062.1,13.97160025
2021-10-29 07:12:00,60969.83,61094.63,61066.05,61011.02,12.84797266
2021-10-29 07:13:00,60885.61,61015.23,61002.56,60908.65,28.93855971
2021-10-29 07:14:00,60737.24,60905.89,60905.89,60806.3,24.54385447
2021-10-29 07:15:00,60812.33,60894.01,60813.5,60830.47,8.45556288
2021-10-29 07:16:00,60666.67,60858.31,60843.04,60733.12,21.3067494
2021-10-29 07:17:00,60734.9,60786.97,60734.9,60786.97,3.9521551
2021-10-29 07:18:00,60739.8,60833.55,60786.97,60753.56,6.53043667
2021-10-29 07:19:00,60713.35,60807.5,60753.56,60742.96,8.40667651
2021-10-29 07:20:00,60635.14,60798.5,60740.88,60687.97,22.05486514
2021-10-29 07:21:00,60628.83,60725.45,60696.36,60672.0,19.90754381
2021-10-29 07:22:00,60617.0,60750.32,60676.06,60690.18,17.10437015
2021-10-29 07:23:00,60626.71,60744.14,60699.54,60654.91,7.02905787
2021-10-29 07:24:00,60616.44,60707.45,60647.23,60670.67,11.77462885
2021-10-29 07:25:00,60626.85,60695.67,60678.89,60626.85,3.91187572
2021-10-29 07:26:00,60621.02,60635.09,60625.45,60629.63,3.70761635
2021-10-29 07:27:00,60629.62,60668.1,60629.63,60668.1,1.18959993
2021-10-29 07:28:00,60590.4,60666.72,60665.23,60595.65,14.50973887
2021-10-29 07:29:00,60576.0,60649.14,60595.64,60642.24,4.88619369
2021-10-29 07:30:00,60495.6,60649.15,60645.27,60512.53,22.02767823
2021-10-29 07:31:00,60422.66,60518.17,60512.53,60445.6,26.96688967
2021-10-29 07:32:00,60400.0,60460.6,60437.32,60425.58,17.05825769
2021-10-29 07:33:00,60406.64,60437.13,60425.57,60419.3,13.71790446
2021-10-29 07:34:00,60354.36,60443.24,60419.3,60423.59,26.08987543
2021-10-29 07:35:00,60397.01,60534.39,60423.77,60534.39,24.16922232
2021-10-29 07:36:00,60516.94,60584.91,60534.39,60581.35,14.14726011
2021-10-29 07:37:00,60581.36,60684.2,60581.36,60684.19,7.30233446
2021-10-29 07:38:00,60684.19,60719.12,60684.2,60712.75,8.095218
2021-10-29 07:39:00,60626.27,60731.5,60712.75,60652.67,11.11404745
2021-10-29 07:40:00,60646.16,60680.39,60650.41,60680.38,4.43716425
2021-10-29 07:41:00,60592.4,60680.39,60680.38,60592.4,5.80574559
2021-10-29 07:42:00,60508.22,60599.09,60592.59,60508.22,3.32809924
2021-10-29 07:43:00,60494.6,60521.53,60508.22,60501.96,4.29307875
2021-10-29 07:44:00,60501.96,60579.58,60501.96,60571.45,10.82925613
2021-10-29 07:45:00,60481.79,60597.69,60571.45,60485.17,6.05122256
2021-10-29 07:46:00,60440.3,60539.55,60485.16,60534.11,20.98054459
2021-10-29 07:47:00,60522.65,60588.73,60534.1,60532.95,7.21136133
2021-10-29 07:48:00,60526.54,60565.5,60533.39,60558.67,8.19566475
2021-10-29 07:49:00,60556.12,60588.91,60583.88,60582.94,10.85998842
2021-10-29 07:50:00,60569.29,60609.88,60582.94,60578.6,3.81095043
2021-10-29 07:51:00,60568.12,60590.03,60578.59,60578.76,14.20857686
2021-10-29 07:52:00,60549.12,60581.48,60578.77,60557.12,6.20043544
2021-10-29 07:53:00,60509.58,60557.13,60557.13,60529.84,5.86630819
2021-10-29 07:54:00,60508.14,60538.34,60538.34,60511.93,7.50959944
2021-10-29 07:55:00,60507.1,60624.09,60511.92,60616.32,22.33992824
2021-10-29 07:56:00,60608.51,60681.74,60616.32,60677.87,12.39712615
2021-10-29 07:57:00,60546.12,60693.42,60677.86,60568.68,9.07528315
2021-10-29 07:58:00,60557.56,60634.37,60573.39,60629.4,3.83404293
2021-10-29 07:59:00,60504.26,60638.17,60631.49,60544.75,12.69518887
2021-10-29 08:00:00,60518.97,60599.23,60546.2,60599.23,14.46506569
2021-10-29 08:01:00,60598.71,60701.94,60615.66,60689.91,6.07377547
2021-10-29 08:02:00,60523.3,60752.98,60688.6,60528.63,15.50145134
2021-10-29 08:03:00,60468.81,60565.08,60528.48,60506.4,10.57066784
2021-10-29 08:04:00,60420.78,60513.88,60508.13,60424.19,5.74186395
2021-10-29 08:05:00,60416.87,60525.63,60425.27,60520.24,8.68465068
2021-10-29 08:06:00,60529.98,60689.2,60529.98,60689.2,10.73660937
2021-10-29 08:07:00,60673.14,60855.75,60680.78,60761.78,22.21642093
2021-10-29 08:08:00,60724.4,60793.74,60763.39,60759.68,11.68306453
2021-10-29 08:09:00,60746.44,60803.27,60755.07,60793.86,6.51520665
2021-10-29 08:10:00,60766.34,60845.79,60800.28,60823.15,2.72393489
2021-10-29 08:11:00,60781.9,60843.63,60819.89,60808.36,5.75827714
2021-10-29 08:12:00,60784.43,60838.04,60822.1,60807.76,2.3504845
2021-10-29 08:13:00,60751.36,60857.13,60797.51,60839.5,19.42061162
2021-10-29 08:14:00,60839.49,60932.48,60839.49,60930.01,10.05654284
2021-10-29 08:15:00,60922.8,60973.76,60930.01,60941.83,6.71986291
2021-10-29 08:16:00,60919.81,60943.19,60943.15,60932.68,2.34789974
2021-10-29 08:17:00,60906.35,60932.68,60932.67,60917.93,4.39056737
2021-10-29 08:18:00,60828.02,60917.93,60915.99,60866.37,2.24998115
2021-10-29 08:19:00,60816.18,60870.94,60870.94,60816.19,4.65287763
2021-10-29 08:20:00,60816.18,60887.13,60816.19,60880.15,1.75336411
2021-10-29 08:21:00,60821.2,60880.16,60880.16,60840.23,1.77666063
2021-10-29 08:22:00,60838.19,60870.52,60839.46,60867.97,2.52332119
2021-10-29 08:23:00,60863.12,60903.85,60863.12,60894.26,0.9308324
2021-10-29 08:24:00,60890.05,60908.95,60894.26,60902.87,2.85656708
2021-10-29 08:25:00,60829.73,60902.87,60902.87,60834.81,2.5347694
2021-10-29 08:26:00,60683.62,60873.43,60835.86,60683.62,6.80464282
2021-10-29 08:27:00,60526.76,60706.64,60682.12,60542.76,6.7284554
2021-10-29 08:28:00,60458.95,60543.42,60543.42,60466.68,4.73373627
2021-10-29 08:29:00,60449.01,60628.01,60469.76,60551.79,9.62777794
2021-10-29 08:30:00,60523.68,60737.28,60551.8,60724.94,5.99349012
2021-10-29 08:31:00,60649.95,60754.77,60724.94,60660.88,3.46593157
2021-10-29 08:32:00,60634.15,60723.86,60658.58,60700.99,2.71191588
2021-10-29 08:33:00,60702.14,60765.58,60709.73,60736.7,2.44641204
2021-10-29 08:34:00,60689.85,60737.09,60734.72,60689.85,3.35613772
2021-10-29 08:35:00,60599.49,60690.15,60690.15,60610.07,4.24354116
2021-10-29 08:36:00,60610.06,60636.96,60610.06,60632.66,1.02607319
2021-10-29 08:37:00,60594.93,60662.66,60632.66,60653.69,2.19736483
2021-10-29 08:38:00,60635.69,60651.91,60649.27,60648.9,0.86021816
2021-10-29 08:39:00,60643.08,60684.42,60648.9,60653.2,1.49759259
2021-10-29 08:40:00,60655.18,60723.79,60655.18,60706.01,2.98572477
2021-10-29 08:41:00,60697.22,60727.08,60706.02,60714.74,3.26998197
2021-10-29 08:42:00,60641.95,60723.74,60714.73,60643.3,9.40332388
2021-10-29 08:43:00,60626.73,60695.23,60654.44,60629.83,4.80887854
2021-10-29 08:44:00,60622.14,60672.38,60629.84,60638.31,7.09605616
2021-10-29 08:45:00,60625.3,60661.64,60638.32,60658.5,1.61833068
2021-10-29 08:46:00,60650.94,60700.0,60658.49,60694.13,1.41949866
2021-10-29 08:47:00,60686.0,60753.04,60692.0,60737.48,8.4875749
2021-10-29 08:48:00,60734.52,60749.9,60737.49,60744.17,3.62676874
2021-10-29 08:49:00,60728.63,60761.79,60744.18,60728.63,4.08577479
2021-10-29 08:50:00,60629.71,60824.2,60729.67,60713.15,66.45043158
2021-10-29 08:51:00,60687.64,60840.61,60707.57,60806.44,98.43962479
2021-10-29 08:52:00,60801.22,60886.26,60806.44,60858.65,20.65428348
2021-10-29 08:53:00,60818.07,60874.61,60858.63,60840.13,7.40640517
2021-10-29 08:54:00,60838.24,60888.0,60846.15,60888.0,9.80129977
2021-10-29 08:55:00,60834.57,60888.0,60888.0,60863.85,57.86356376
2021-10-29 08:56:00,60833.48,60954.18,60856.75,60944.57,14.98597613
2021-10-29 08:57:00,60918.78,60983.35,60937.31,60964.32,4.66624348
2021-10-29 08:58:00,60921.18,60968.6,60961.24,60932.44,4.41176077
2021-10-29 08:59:00,60907.77,60949.98,60943.36,60937.1,6.01101738
2021-10-29 09:00:00,60901.82,60937.1,60937.1,60915.42,10.26497339
2021-10-29 09:01:00,60877.81,60923.64,60918.4,60884.86,2.17743339
2021-10-29 09:02:00,60872.13,60922.38,60884.3,60898.41,4.13034791
2021-10-29 09:03:00,60898.41,60963.1,60898.42,60939.65,4.41761953
2021-10-29 09:04:00,60936.61,61069.07,60939.89,61013.8,10.43716638
2021-10-29 09:05:00,60867.89,61011.37,61011.37,60881.02,5.86278325
2021-10-29 09:06:00,60834.67,60879.85,60879.85,60841.68,9.36195563
2021-10-29 09:07:00,60793.4,60876.13,60845.66,60828.77,15.55980136
2021-10-29 09:08:00,60816.98,60862.82,60828.77,60862.82,9.27732948
2021-10-29 09:09:00,60861.81,60973.49,60864.27,60967.68,3.00233126
2021-10-29 09:10:00,60960.2,60987.99,60967.69,60984.78,2.31289106
2021-10-29 09:11:00,60979.23,61061.22,60984.78,61061.22,4.10773894
2021-10-29 09:12:00,60994.28,61106.19,61061.22,61104.97,16.41447008
2021-10-29 09:13:00,61100.18,61200.0,61105.03,61187.32,7.98828342
2021-10-29 09:14:00,61181.01,61241.68,61188.83,61239.67,5.27543217
2021-10-29 09:15:00,61203.4,61241.15,61240.57,61208.96,2.68901603
2021-10-29 09:16:00,61176.43,61208.96,61208.95,61183.79,3.84604007
2021-10-29 09:17:00,61158.58,61258.89,61180.3,61255.33,8.76310311
2021-10-29 09:18:00,61225.66,61355.24,61254.96,61277.41,10.31856668
2021-10-29 09:19:00,61181.77,61285.15,61279.02,61182.24,1.16328901
2021-10-29 09:20:00,61058.91,61188.96,61186.32,61097.43,4.79744116
2021-10-29 09:21:00,61053.3,61116.4,61092.37,61053.3,2.4072431
2021-10-29 09:22:00,60960.11,61059.12,61049.48,60972.51,11.9773388
2021-10-29 09:23:00,60918.73,60980.65,60972.21,60975.42,4.76506735
2021-10-29 09:24:00,60948.36,61017.91,60959.02,61011.05,5.3821415
2021-10-29 09:25:00,60989.41,61017.91,61008.43,60991.02,2.7224611
2021-10-29 09:26:00,60986.54,61037.24,60993.34,61019.8,1.50615564
2021-10-29 09:27:00,61014.85,61035.87,61018.19,61030.45,0.54201727
2021-10-29 09:28:00,61021.14,61071.58,61035.0,61051.04,2.1206678
2021-10-29 09:29:00,60986.31,61045.77,61045.77,61001.94,0.99070754
2021-10-29 09:30:00,60908.7,61006.67,61005.44,60974.24,8.79317427
2021-10-29 09:31:00,60968.22,61011.69,60976.79,61009.51,6.29979103
2021-10-29 09:32:00,60998.61,61057.86,61011.68,61019.27,1.51444822
2021-10-29 09:33:00,60996.09,61037.76,61016.87,61036.08,1.7649771
2021-10-29 09:34:00,61024.8,61073.54,61036.08,61030.95,3.09422238
2021-10-29 09:35:00,60951.12,61035.09,61030.95,60964.43,3.11701078
2021-10-29 09:36:00,60923.8,60961.98,60959.72,60949.39,1.50449039
2021-10-29 09:37:00,60903.17,60959.69,60949.39,60954.07,2.80806613
2021-10-29 09:38:00,60921.51,60983.86,60960.12,60950.0,3.86444113
2021-10-29 09:39:00,60947.31,60977.02,60948.46,60955.13,3.74933171
2021-10-29 09:40:00,60894.46,60953.78,60953.78,60935.67,4.2917633
2021-10-29 09:41:00,60904.59,60944.08,60934.63,60915.69,0.98537628
2021-10-29 09:42:00,60904.13,60950.92,60916.72,60919.98,3.32398254
2021-10-29 09:43:00,60851.49,60948.09,60917.29,60893.47,4.80059518
2021-10-29 09:44:00,60862.15,60905.69,60895.02,60880.0,1.41558129
2021-10-29 09:45:00,60858.64,60903.18,60884.98,60859.28,4.31596973
2021-10-29 09:46:00,60854.04,60868.14,60860.35,60858.11,0.62856811
2021-10-29 09:47:00,60858.11,60957.23,60858.11,60932.81,2.99479219
2021-10-29 09:48:00,60908.15,60937.87,60937.87,60910.23,1.15814751
2021-10-29 09:49:00,60909.15,60991.73,60909.15,60943.98,2.85099555
2021-10-29 09:50:00,60916.09,60963.98,60950.33,60931.28,1.53633393
2021-10-29 09:51:00,60899.72,60932.8,60924.95,60906.14,1.09195614
2021-10-29 09:52:00,60878.42,60922.64,60906.14,60898.3,4.28145121
2021-10-29 09:53:00,60884.62,60914.07,60911.37,60901.59,3.19219548
2021-10-29 09:54:00,60888.65,60904.9,60901.17,60888.66,2.13187543
2021-10-29 09:55:00,60823.54,60895.36,60889.07,60823.54,5.37972487
2021-10-29 09:56:00,60825.29,60869.35,60825.29,60857.91,1.58089548
2021-10-29 09:57:00,60822.74,60857.91,60857.91,60827.0,1.95494902
2021-10-29 09:58:00,60805.01,60830.48,60823.64,60822.52,1.07156112
2021-10-29 09:59:00,60820.0,60889.11,60823.56,60860.63,2.59510253
2021-10-29 10:00:00,60823.79,60895.0,60864.36,60823.8,2.48502039
2021-10-29 10:01:00,60810.65,60843.82,60823.8,60843.8,1.00717156
2021-10-29 10:02:00,60834.95,60900.0,60843.8,60894.34,4.91508081
2021-10-29 10:03:00,60819.98,60906.81,60904.66,60819.98,3.12156999
2021-10-29 10:04:00,60804.93,60827.05,60824.05,60805.91,2.23125273
2021-10-29 10:05:00,60783.07,60859.0,60808.86,60857.21,4.71808915
2021-10-29 10:06:00,60848.93,60943.17,60848.94,60918.19,7.58473375
2021-10-29 10:07:00,60918.2,61023.13,60918.2,61023.08,4.9755495
2021-10-29 10:08:00,60975.4,61056.7,61022.57,60983.01,10.22293564
2021-10-29 10:09:00,60940.69,60991.6,60983.02,60957.38,2.06419039
2021-10-29 10:10:00,60905.14,60984.71,60946.5,60921.18,3.35570837
2021-10-29 10:11:00,60894.4,60936.07,60920.44,60929.06,2.87086516
2021-10-29 10:12:00,60929.33,60960.94,60933.64,60945.65,1.61236004
2021-10-29 10:13:00,60877.65,60944.74,60943.02,60892.51,2.83883599
2021-10-29 10:14:00,60848.38,60906.74,60892.51,60865.47,1.40955154
2021-10-29 10:15:00,60862.5,60965.11,60862.5,60964.48,2.62860644
2021-10-29 10:16:00,60952.16,60988.77,60966.54,60965.06,1.70884503
2021-10-29 10:17:00,60933.83,60989.7,60974.59,60947.74,3.2392375
2021-10-29 10:18:00,60933.82,60947.74,60947.74,60940.07,1.05101027
2021-10-29 10:19:00,60897.82,60944.65,60941.27,60908.07,2.37619797
2021-10-29 10:20:00,60780.44,60911.2,60908.06,60816.76,4.83756283
2021-10-29 10:21:00,60754.54,60830.45,60821.68,60757.54,4.34646393
2021-10-29 10:22:00,60741.33,60787.7,60760.18,60759.5,6.06574117
2021-10-29 10:23:00,60666.05,60763.93,60759.5,60707.1,23.12377752
2021-10-29 10:24:00,60566.17,60711.56,60707.57,60640.12,21.63338142
2021-10-29 10:25:00,60634.83,60714.7,60634.83,60687.24,6.60461981
2021-10-29 10:26:00,60675.26,60786.2,60684.94,60746.81,28.17248678
2021-10-29 10:27:00,60680.9,60770.78,60746.8,60681.51,6.28063951
2021-10-29 10:28:00,60680.84,60707.0,60681.52,60690.19,2.13956832
2021-10-29 10:29:00,60681.54,60724.53,60690.2,60714.29,3.32245179
2021-10-29 10:30:00,60655.58,60714.38,60709.97,60655.59,3.96139575
2021-10-29 10:31:00,60650.03,60670.69,60655.59,60666.67,8.09970267
2021-10-29 10:32:00,60659.0,60716.96,60669.0,60716.96,3.39395933
2021-10-29 10:33:00,60704.22,60769.12,60712.21,60769.12,2.74121836
2021-10-29 10:34:00,60734.63,60783.52,60769.4,60771.87,5.18821929
2021-10-29 10:35:00,60769.21,60821.27,60770.62,60821.27,3.39232349
2021-10-29 10:36:00,60821.26,60856.75,60821.27,60855.52,10.93442519
2021-10-29 10:37:00,60822.63,60893.41,60853.49,60893.11,6.54118957
2021-10-29 10:38:00,60891.47,60971.83,60891.47,60971.83,3.06920404
2021-10-29 10:39:00,60928.44,60994.24,60964.81,60938.27,8.19251589
2021-10-29 10:40:00,60927.44,60984.8,60938.27,60973.6,2.39681266
2021-10-29 10:41:00,60949.8,60979.52,60973.85,60949.8,2.77167737
2021-10-29 10:42:00,60882.34,60952.74,60940.15,60895.67,2.21984403
2021-10-29 10:43:00,60894.22,60933.72,60894.72,60926.24,0.85474243
2021-10-29 10:44:00,60900.01,60934.21,60926.55,60930.87,3.46167968
2021-10-29 10:45:00,60919.56,60997.9,60930.86,60995.07,3.9309827
2021-10-29 10:46:00,60973.98,61021.84,60987.8,61020.96,4.63580377
2021-10-29 10:47:00,60970.69,61038.3,61020.96,60970.69,4.98828323
2021-10-29 10:48:00,60950.93,60984.89,60968.37,60956.39,2.83507975
2021-10-29 10:49:00,60940.31,60989.22,60952.48,60948.06,4.09041926
2021-10-29 10:50:00,60905.69,60948.07,60948.07,60926.24,2.56275907
2021-10-29 10:51:00,60891.16,60932.73,60926.19,60896.31,3.35839182
2021-10-29 10:52:00,60768.88,60907.37,60898.71,60773.88,7.21599541
2021-10-29 10:53:00,60773.88,60800.04,60773.88,60793.31,2.12812243
2021-10-29 10:54:00,60724.42,60799.86,60796.11,60734.47,2.63912774
2021-10-29 10:55:00,60740.24,60841.7,60741.49,60841.7,2.8420719
2021-10-29 10:56:00,60840.24,60897.99,60848.62,60894.23,5.73822435
2021-10-29 10:57:00,60896.64,60955.96,60896.64,60922.5,3.24744803
2021-10-29 10:58:00,60927.58,61038.54,60927.58,61030.34,4.73634697
2021-10-29 10:59:00,61000.0,61046.49,61031.77,61043.79,8.89382682
2021-10-29 11:00:00,60978.39,61041.92,61041.92,60983.89,2.00614518
2021-10-29 11:01:00,60954.58,61077.48,60980.96,61067.46,4.85641809
2021-10-29 11:02:00,61023.14,61087.97,61063.33,61025.62,5.38743961
2021-10-29 11:03:00,60941.55,61028.08,61026.94,60955.68,4.66039177
2021-10-29 11:04:00,60947.42,60987.72,60954.74,60987.72,3.46538172
2021-10-29 11:05:00,60963.35,61021.33,60987.79,60984.99,5.66193065
2021-10-29 11:06:00,60971.29,61031.43,60984.78,61001.71,2.83264938
2021-10-29 11:07:00,60982.32,61006.5,61000.76,60982.79,2.85441512
2021-10-29 11:08:00,60955.5,61008.33,60982.77,60956.02,3.27213107
2021-10-29 11:09:00,60958.81,61013.96,60958.81,61006.38,2.75181111
2021-10-29 11:10:00,60983.0,61016.14,61006.36,60995.51,1.72205592
2021-10-29 11:11:00,60956.02,60996.35,60994.53,60979.29,7.86195191
2021-10-29 11:12:00,60971.42,61046.8,60971.42,61026.52,20.19673304
2021-10-29 11:13:00,61012.83,61049.18,61028.83,61039.78,10.83034933
2021-10-29 11:14:00,61029.45,61064.26,61041.15,61033.29,4.71974017
2021-10-29 11:15:00,61031.17,61067.85,61031.77,61061.49,2.54133113
2021-10-29 11:16:00,61047.68,61080.31,61061.49,61064.78,4.99387111
2021-10-29 11:17:00,61055.34,61107.81,61064.78,61084.47,6.56127195
2021-10-29 11:18:00,60976.1,61096.84,61096.84,60982.93,8.81011691
2021-10-29 11:19:00,60912.11,60979.02,60978.58,60919.01,6.67335057
2021-10-29 11:20:00,60919.01,61015.93,60919.01,60937.89,3.45500343
2021-10-29 11:21:00,60930.98,60989.92,60937.88,60982.46,10.71543543
2021-10-29 11:22:00,60982.46,61128.9,60982.46,61110.08,5.17038836
2021-10-29 11:23:00,61110.08,61157.04,61116.75,61117.31,4.80049238
2021-10-29 11:24:00,61103.12,61136.84,61117.3,61136.84,3.07668659
2021-10-29 11:25:00,61112.38,61149.45,61134.45,61117.19,3.21117264
2021-10-29 11:26:00,61090.23,61125.16,61123.97,61090.23,2.2402898
2021-10-29 11:27:00,61032.96,61090.23,61090.23,61052.08,3.66427823
2021-10-29 11:28:00,61016.17,61067.62,61052.07,61025.57,7.73731037
2021-10-29 11:29:00,61016.1,61044.09,61025.58,61036.46,2.02941611
2021-10-29 11:30:00,61009.49,61093.97,61040.0,61083.5,4.87176199
2021-10-29 11:31:00,61037.09,61090.12,61083.5,61047.97,4.2882863
2021-10-29 11:32:00,61001.44,61050.28,61047.67,61011.07,2.7787074
2021-10-29 11:33:00,60929.16,61012.31,61012.31,60944.46,4.44621939
2021-10-29 11:34:00,60937.31,60976.64,60944.46,60946.04,2.29027342
2021-10-29 11:35:00,60938.5,60976.07,60946.04,60942.89,2.60344912
2021-10-29 11:36:00,60813.23,60939.27,60939.27,60828.11,5.67554414
2021-10-29 11:37:00,60716.97,60871.67,60828.19,60739.96,11.61048891
2021-10-29 11:38:00,60649.07,60726.03,60726.03,60673.24,19.49989739
2021-10-29 11:39:00,60649.93,60768.9,60680.34,60742.25,7.90538221
2021-10-29 11:40:00,60719.12,60806.62,60743.82,60804.25,7.91655749
2021-10-29 11:41:00,60793.81,60857.09,60810.71,60803.84,6.36678694
2021-10-29 11:42:00,60689.77,60815.94,60807.19,60709.7,5.22111988
2021-10-29 11:43:00,60668.26,60737.1,60709.71,60728.76,18.34039281
2021-10-29 11:44:00,60642.7,60765.6,60737.1,60642.71,10.70009344
2021-10-29 11:45:00,60611.0,60747.92,60642.71,60692.9,14.25019376
2021-10-29 11:46:00,60557.67,60720.11,60692.9,60588.52,8.84223575
2021-10-29 11:47:00,60588.52,60744.53,60588.52,60736.04,8.13307593
2021-10-29 11:48:00,60675.11,60763.98,60736.03,60695.76,10.49647636
2021-10-29 11:49:00,60684.83,60786.79,60695.75,60772.3,3.20190118
2021-10-29 11:50:00,60766.79,60904.09,60780.14,60859.03,13.59686994
2021-10-29 11:51:00,60776.24,60883.74,60861.0,60786.64,3.89818823
2021-10-29 11:52:00,60785.41,60900.0,60786.63,60893.4,4.20259306
2021-10-29 11:53:00,60878.52,60962.71,60892.8,60953.3,6.27263189
2021-10-29 11:54:00,60924.88,60988.6,60947.7,60975.05,5.73768334
2021-10-29 11:55:00,60920.0,60990.72,60975.04,60920.0,5.84962513
2021-10-29 11:56:00,60857.49,60946.5,60920.0,60865.49,7.49555699
2021-10-29 11:57:00,60869.05,60928.3,60869.05,60901.12,4.20052256
2021-10-29 11:58:00,60901.12,60980.02,60901.12,60979.45,3.76855174
2021-10-29 11:59:00,60932.01,60978.23,60978.23,60949.15,4.09317497
2021-10-29 12:00:00,60869.61,60961.92,60953.11,60876.64,3.23791642
2021-10-29 12:01:00,60870.03,60974.23,60876.62,60964.39,3.09176062
2021-10-29 12:02:00,60890.46,60973.79,60961.23,60893.26,6.35977575
2021-10-29 12:03:00,60853.82,60913.5,60893.26,60872.8,4.92748523
2021-10-29 12:04:00,60817.64,60866.41,60866.41,60817.64,1.63325635
2021-10-29 12:05:00,60809.58,60831.72,60813.74,60821.67,3.5948088
2021-10-29 12:06:00,60816.88,60937.4,60827.65,60911.4,5.40705843
2021-10-29 12:07:00,60886.5,60938.99,60911.4,60923.95,2.11796499
2021-10-29 12:08:00,60921.46,60981.69,60923.2,60958.44,3.7711473
2021-10-29 12:09:00,60932.2,60976.23,60952.99,60937.69,2.1765415
2021-10-29 12:10:00,60933.06,61019.88,60937.69,61018.7,3.1878471
2021-10-29 12:11:00,60976.93,61019.88,61009.42,60983.49,3.74694907
2021-10-29 12:12:00,60954.35,60983.49,60983.49,60955.36,5.7808398
2021-10-29 12:13:00,60887.78,60967.1,60955.36,60893.09,4.29338659
2021-10-29 12:14:00,60830.66,60893.7,60893.09,60830.66,4.95460875
2021-10-29 12:15:00,60822.96,60906.32,60830.65,60827.52,6.68495791
2021-10-29 12:16:00,60739.12,60827.23,60827.22,60761.28,4.52702379
2021-10-29 12:17:00,60723.11,60789.75,60761.04,60770.15,4.22517415
2021-10-29 12:18:00,60770.14,60943.56,60775.04,60937.49,6.00163891
2021-10-29 12:19:00,60912.04,61061.12,60943.58,61034.92,17.20013761
2021-10-29 12:20:00,60993.91,61061.36,61032.36,61039.57,8.15623675
2021-10-29 12:21:00,60986.73,61068.87,61039.58,61058.77,8.10100754
2021-10-29 12:22:00,61015.0,61098.58,61057.45,61015.0,8.69783581
2021-10-29 12:23:00,60955.81,61037.87,61015.0,60984.46,24.04662007
2021-10-29 12:24:00,60974.08,61009.97,60984.45,60995.67,4.24411861
2021-10-29 12:25:00,60995.66,61055.84,60995.67,61047.41,3.22020777
2021-10-29 12:26:00,61043.17,61082.92,61047.42,61047.43,3.11901936
2021-10-29 12:27:00,61020.46,61071.96,61047.44,61064.79,5.99422338
2021-10-29 12:28:00,61059.03,61098.41,61064.79,61066.79,4.94054148
2021-10-29 12:29:00,61062.71,61410.44,61067.4,61395.0,32.48080005
2021-10-29 12:30:00,61096.66,61500.0,61400.77,61304.12,49.0312941
2021-10-29 12:31:00,61212.23,61440.06,61300.96,61272.35,21.222197
2021-10-29 12:32:00,61130.29,61291.11,61268.35,61170.89,14.63146934
2021-10-29 12:33:00,61060.95,61190.07,61186.59,61140.14,13.99311117
2021-10-29 12:34:00,61098.44,61170.62,61140.14,61151.44,14.66177558
2021-10-29 12:35:00,61154.41,61240.34,61154.56,61237.75,4.75341039
2021-10-29 12:36:00,61216.16,61278.55,61232.86,61241.02,6.84294654
2021-10-29 12:37:00,61182.61,61273.54,61241.02,61182.61,7.30949232
2021-10-29 12:38:00,61171.23,61268.73,61187.57,61223.79,9.4825247
2021-10-29 12:39:00,61157.13,61223.78,61223.78,61167.45,6.57023885
2021-10-29 12:40:00,61068.4,61164.61,61164.61,61100.06,6.67964771
2021-10-29 12:41:00,61080.13,61110.78,61104.72,61095.71,5.55736454
2021-10-29 12:42:00,61069.57,61128.8,61098.45,61089.24,9.44602738
2021-10-29 12:43:00,61079.13,61125.29,61090.85,61119.95,4.84568389
2021-10-29 12:44:00,61088.17,61168.71,61119.95,61168.71,6.74946269
2021-10-29 12:45:00,61130.78,61203.58,61175.16,61132.13,4.74548939
2021-10-29 12:46:00,61029.7,61132.13,61132.13,61032.5,5.40803695
2021-10-29 12:47:00,61026.29,61110.01,61033.93,61075.35,18.07920421
2021-10-29 12:48:00,61075.49,61207.25,61075.49,61168.59,17.28950285
2021-10-29 12:49:00,61159.33,61201.62,61178.53,61166.31,9.29329639
2021-10-29 12:50:00,61023.9,61175.93,61161.83,61027.32,14.39381815
2021-10-29 12:51:00,60966.67,61037.84,61027.31,60984.27,15.56415595
2021-10-29 12:52:00,60965.96,61012.6,60984.27,60974.65,7.01977573
2021-10-29 12:53:00,60954.46,61040.72,60974.64,61040.72,4.55341999
2021-10-29 12:54:00,61006.52,61064.7,61040.72,61011.64,4.21326711
2021-10-29 12:55:00,60994.83,61033.2,61006.3,60995.81,8.03057092
2021-10-29 12:56:00,60937.8,60995.82,60995.79,60944.41,5.29387876
2021-10-29 12:57:00,60916.47,60960.58,60944.42,60959.8,5.62074529
2021-10-29 12:58:00,60940.02,60972.6,60952.46,60960.76,3.57171584
2021-10-29 12:59:00,60953.05,60976.2,60960.76,60974.36,6.80156186
2021-10-29 13:00:00,60950.75,61001.17,60970.14,60955.9,6.17659217
2021-10-29 13:01:00,60922.61,60966.89,60955.91,60947.34,4.90365008
2021-10-29 13:02:00,60942.37,61016.16,60947.35,61014.62,11.62565972
2021-10-29 13:03:00,60970.75,61014.25,61007.88,61002.61,6.69341064
2021-10-29 13:04:00,60924.64,61016.13,61006.88,60936.4,4.42724861
2021-10-29 13:05:00,60931.92,60971.65,60931.92,60968.1,3.39746459
2021-10-29 13:06:00,60896.37,60968.1,60968.1,60938.26,9.75393478
2021-10-29 13:07:00,60933.94,60962.49,60941.51,60955.26,5.45495456
2021-10-29 13:08:00,60900.92,60974.9,60956.49,60900.92,4.56130311
2021-10-29 13:09:00,60827.52,60918.22,60899.01,60867.72,15.94012565
2021-10-29 13:10:00,60855.3,60903.01,60867.72,60894.82,10.35233101
2021-10-29 13:11:00,60898.17,60933.1,60899.33,60922.15,12.8687628
2021-10-29 13:12:00,60872.18,60926.33,60922.16,60893.81,17.34464521
2021-10-29 13:13:00,60871.22,60895.0,60892.6,60894.98,18.42603125
2021-10-29 13:14:00,60844.03,60900.25,60894.99,60844.22,19.8087546
2021-10-29 13:15:00,60844.21,60949.39,60844.21,60940.82,7.47812048
2021-10-29 13:16:00,60898.45,60954.37,60932.44,60901.65,9.73628908
2021-10-29 13:17:00,60853.64,60901.65,60901.64,60894.79,6.82458938
2021-10-29 13:18:00,60877.59,60906.44,60888.24,60877.6,5.35847459
2021-10-29 13:19:00,60872.89,60918.31,60877.59,60894.3,17.11213934
2021-10-29 13:20:00,60841.97,60908.6,60894.29,60849.82,5.18961228
2021-10-29 13:21:00,60756.51,60853.87,60847.01,60777.3,14.51202292
2021-10-29 13:22:00,60760.7,60866.68,60775.98,60866.68,4.29087734
2021-10-29 13:23:00,60861.27,60904.06,60866.68,60899.16,3.2622245
2021-10-29 13:24:00,60886.82,60908.6,60899.15,60907.19,6.40696544
2021-10-29 13:25:00,60905.97,61000.0,60907.19,61000.0,8.06882552
2021-10-29 13:26:00,60959.66,61013.83,61000.0,60994.69,23.74914534
2021-10-29 13:27:00,60984.94,61023.71,60994.7,61012.66,5.58651134
2021-10-29 13:28:00,61002.44,61048.75,61013.07,61048.75,6.80724547
2021-10-29 13:29:00,61038.33,61130.0,61048.75,61127.63,6.35620228
2021-10-29 13:30:00,61062.07,61145.24,61130.0,61082.41,18.61036844
2021-10-29 13:31:00,61008.1,61093.61,61082.41,61008.1,3.26609596
2021-10-29 13:32:00,60990.0,61081.48,61017.25,61075.2,11.10802556
2021-10-29 13:33:00,61029.58,61091.51,61075.2,61047.96,9.12717354
2021-10-29 13:34:00,61000.83,61047.96,61047.96,61038.55,5.03123613
2021-10-29 13:35:00,60984.78,61060.51,61043.8,60989.99,2.67552656
2021-10-29 13:36:00,60958.61,61029.65,60990.0,61015.95,2.87053442
2021-10-29 13:37:00,61010.15,61250.0,61015.96,61216.49,7.45405906
2021-10-29 13:38:00,61120.48,61238.52,61216.49,61181.5,15.02619713
2021-10-29 13:39:00,61167.43,61336.28,61181.51,61261.36,20.07984237
2021-10-29 13:40:00,61163.59,61299.85,61245.09,61197.19,12.27235026
2021-10-29 13:41:00,61152.92,61206.66,61200.25,61156.02,6.88751395
2021-10-29 13:42:00,61156.02,61211.62,61156.02,61204.45,3.06828178
2021-10-29 13:43:00,61190.73,61290.28,61204.44,61215.29,9.90494255
2021-10-29 13:44:00,61156.84,61215.29,61215.29,61214.04,6.03675247
2021-10-29 13:45:00,61186.98,61270.45,61214.03,61261.34,8.88448269
2021-10-29 13:46:00,61237.0,61288.58,61261.34,61272.56,13.58365638
2021-10-29 13:47:00,61246.53,61286.59,61272.56,61264.83,3.45644935
2021-10-29 13:48:00,61248.48,61290.13,61260.0,61257.84,7.1871466
2021-10-29 13:49:00,61242.64,61281.88,61257.75,61254.52,8.50892005
2021-10-29 13:50:00,61188.75,61259.16,61254.52,61197.78,3.00117623
2021-10-29 13:51:00,61186.01,61293.74,61190.64,61284.12,5.13152218
2021-10-29 13:52:00,61228.99,61317.52,61284.12,61254.22,13.37188928
2021-10-29 13:53:00,61154.01,61273.69,61256.32,61184.87,9.29669298
2021-10-29 13:54:00,61194.92,61297.69,61194.92,61249.65,12.60866987
2021-10-29 13:55:00,61230.49,61287.64,61251.01,61254.43,11.65185168
2021-10-29 13:56:00,61256.59,61284.45,61256.59,61271.42,4.75074134
2021-10-29 13:57:00,61250.98,61330.29,61271.44,61328.49,10.46189226
2021-10-29 13:58:00,61313.91,61374.39,61325.02,61330.79,30.04518045
2021-10-29 13:59:00,61275.99,61345.24,61331.39,61299.28,26.79480437
2021-10-29 14:00:00,61218.19,61300.0,61299.27,61236.81,54.77248462
2021-10-29 14:01:00,61228.0,61313.1,61242.96,61285.24,30.10691706
2021-10-29 14:02:00,61210.73,61292.0,61285.22,61217.65,18.42301972
2021-10-29 14:03:00,61172.74,61250.3,61217.65,61172.75,66.56807003
2021-10-29 14:04:00,61167.36,61207.42,61172.66,61197.04,13.12319995
2021-10-29 14:05:00,61138.56,61198.0,61197.04,61142.04,64.87167627
2021-10-29 14:06:00,61141.98,61219.15,61143.49,61195.01,24.36361695
2021-10-29 14:07:00,61129.01,61216.37,61195.01,61164.84,88.77574555
2021-10-29 14:08:00,61159.94,61212.92,61164.85,61202.3,15.65384348
2021-10-29 14:09:00,61191.42,61307.77,61202.3,61307.77,75.75539964
2021-10-29 14:10:00,61202.27,61320.46,61307.76,61202.27,49.18398448
2021-10-29 14:11:00,61117.64,61195.79,61195.79,61143.39,65.48176969
2021-10-29 14:12:00,61076.77,61177.09,61143.38,61081.49,26.16609569
2021-10-29 14:13:00,61082.27,61215.24,61082.28,61200.08,82.69816403
2021-10-29 14:14:00,61170.25,61233.85,61196.12,61170.25,37.69868612
2021-10-29 14:15:00,61088.47,61187.48,61170.26,61136.7,73.01945207
2021-10-29 14:16:00,61017.93,61150.0,61133.5,61017.94,68.95701536
2021-10-29 14:17:00,61003.13,61118.4,61017.94,61102.86,52.56316452
2021-10-29 14:18:00,61050.0,61118.57,61102.86,61104.94,73.964158
2021-10-29 14:19:00,61087.47,61186.41,61100.0,61150.57,32.08311132
2021-10-29 14:20:00,61101.78,61220.45,61150.57,61179.0,75.6519059
2021-10-29 14:21:00,61142.88,61185.44,61174.42,61142.89,21.85317329
2021-10-29 14:22:00,61082.85,61195.77,61142.89,61181.16,88.83885067
2021-10-29 14:23:00,61115.51,61200.0,61184.34,61115.52,42.04591878
2021-10-29 14:24:00,61082.13,61150.8,61115.52,61092.3,79.1979539
2021-10-29 14:25:00,61096.49,61195.55,61096.49,61173.62,29.81040687
2021-10-29 14:26:00,61114.13,61174.14,61173.62,61129.76,31.17458408
2021-10-29 14:27:00,61037.08,61123.26,61121.23,61069.72,55.32453396
2021-10-29 14:28:00,61034.01,61096.03,61074.3,61050.01,12.26720702
2021-10-29 14:29:00,61016.88,61050.01,61050.01,61030.83,81.80938926
2021-10-29 14:30:00,61009.55,61083.32,61030.82,61071.33,102.7873643
2021-10-29 14:31:00,61015.82,61071.33,61071.32,61060.11,57.43582214
2021-10-29 14:32:00,61032.41,61099.18,61058.46,61062.94,68.96747153
2021-10-29 14:33:00,61062.94,61105.45,61062.94,61105.45,25.47605724
2021-10-29 14:34:00,61093.91,61133.02,61105.45,61101.99,16.70741499
2021-10-29 14:35:00,61093.92,61120.68,61101.99,61117.99,60.65379229
2021-10-29 14:36:00,61107.08,61213.74,61118.0,61196.02,83.83463182
2021-10-29 14:37:00,61101.28,61222.6,61196.01,61131.37,35.18281356
2021-10-29 14:38:00,61067.0,61149.48,61123.06,61108.74,46.74001137
2021-10-29 14:39:00,61064.79,61151.14,61108.73,61079.3,13.49914428
2021-10-29 14:40:00,61055.49,61121.89,61079.3,61105.73,73.81902036
2021-10-29 14:41:00,61074.57,61134.51,61107.93,61074.57,10.34784426
2021-10-29 14:42:00,61055.52,61095.72,61074.58,61068.59,61.46061758
2021-10-29 14:43:00,61055.63,61200.35,61065.55,61115.0,68.1596211
2021-10-29 14:44:00,61105.06,61153.08,61115.01,61135.65,38.64098045
2021-10-29 14:45:00,61064.45,61178.2,61136.79,61097.4,76.06059935
2021-10-29 14:46:00,61097.41,61235.9,61097.41,61227.07,39.94011459
2021-10-29 14:47:00,61142.19,61263.24,61227.06,61142.2,61.13879589
2021-10-29 14:48:00,61100.0,61203.8,61142.19,61168.3,66.79096713
2021-10-29 14:49:00,61117.26,61221.12,61168.31,61192.98,89.52527818
2021-10-29 14:50:00,61180.64,61236.64,61191.82,61232.68,43.51499783
2021-10-29 14:51:00,61170.61,61232.68,61232.67,61208.63,36.67169009
2021-10-29 14:52:00,61206.2,61338.59,61209.25,61206.21,48.41937499
2021-10-29 14:53:00,61187.23,61291.71,61206.21,61273.66,48.76608474
2021-10-29 14:54:00,61191.16,61276.6,61273.66,61193.87,15.29263435
2021-10-29 14:55:00,61156.52,61262.75,61193.86,61196.68,88.51164736
2021-10-29 14:56:00,61184.72,61221.81,61196.68,61201.71,86.97782654
2021-10-29 14:57:00,61177.72,61309.5,61201.7,61223.43,40.2976758
2021-10-29 14:58:00,61200.59,61265.54,61216.96,61262.29,34.22196602
2021-10-29 14:59:00,61253.19,61367.59,61263.16,61254.0,29.92764651
2021-10-29 15:00:00,61207.97,61278.2,61254.0,61265.35,11.33287142
2021-10-29 15:01:00,61254.94,61469.38,61260.9,61402.97,20.29106526
2021-10-29 15:02:00,61355.25,61439.86,61400.9,61430.68,35.15057377
2021-10-29 15:03:00,61430.68,61555.0,61430.68,61554.99,34.4135403
2021-10-29 15:04:00,61525.06,61656.59,61554.99,61600.12,42.43599004
2021-10-29 15:05:00,61528.33,61635.77,61597.31,61621.6,13.77547505
2021-10-29 15:06:00,61608.98,61689.84,61621.57,61638.01,15.94464328
2021-10-29 15:07:00,61553.02,61670.51,61632.84,61580.91,17.59006064
2021-10-29 15:08:00,61529.94,61620.41,61585.28,61547.53,11.02417781
2021-10-29 15:09:00,61554.49,61724.05,61554.49,61714.84,19.55023351
2021-10-29 15:10:00,61703.3,62212.68,61705.58,62073.7,78.84775266
2021-10-29 15:11:00,61895.58,62077.11,62063.12,61920.61,24.17437856
2021-10-29 15:12:00,61910.0,62077.72,61931.82,61970.92,28.25648455
2021-10-29 15:13:00,61870.0,61971.51,61964.83,61909.13,22.90079649
2021-10-29 15:14:00,61869.37,61937.65,61907.74,61898.27,19.06719076
2021-10-29 15:15:00,61804.5,61938.91,61898.27,61814.37,26.19196501
2021-10-29 15:16:00,61790.06,61847.51,61814.37,61790.06,12.17701766
2021-10-29 15:17:00,61730.52,61833.81,61792.18,61746.37,8.87366258
2021-10-29 15:18:00,61739.7,61797.9,61746.38,61794.97,7.1506116
2021-10-29 15:19:00,61710.11,61829.11,61794.97,61715.9,16.39996026
2021-10-29 15:20:00,61685.16,61821.81,61715.9,61769.09,24.765126
2021-10-29 15:21:00,61752.84,61820.26,61781.15,61768.29,12.53748767
2021-10-29 15:22:00,61745.61,61896.89,61769.13,61896.75,23.86548486
2021-10-29 15:23:00,61884.17,62145.52,61897.69,62103.3,37.84374427
2021-10-29 15:24:00,62065.34,62250.0,62117.41,62224.07,54.62665718
2021-10-29 15:25:00,62105.41,62317.5,62224.07,62308.54,33.66992663
2021-10-29 15:26:00,62191.62,62313.61,62308.54,62263.94,17.5018828
2021-10-29 15:27:00,62240.73,62383.0,62276.87,62363.61,47.83785622
2021-10-29 15:28:00,62278.23,62375.61,62363.49,62286.64,19.17271467
2021-10-29 15:29:00,62282.57,62499.99,62286.71,62444.63,72.40204059
2021-10-29 15:30:00,62287.72,62557.0,62449.68,62444.6,96.28333866
2021-10-29 15:31:00,62328.94,62497.85,62431.04,62349.74,77.53572346
2021-10-29 15:32:00,62285.85,62376.8,62357.7,62358.92,64.47679966
2021-10-29 15:33:00,62325.94,62400.0,62349.37,62338.05,6.90773766
2021-10-29 15:34:00,62285.71,62350.23,62341.02,62285.71,10.77813184
2021-10-29 15:35:00,62225.62,62295.53,62285.72,62238.44,15.27404589
2021-10-29 15:36:00,62221.57,62338.48,62241.73,62336.23,22.20422349
2021-10-29 15:37:00,62274.13,62348.89,62336.22,62291.96,13.0215446
2021-10-29 15:38:00,62297.87,62396.03,62298.91,62352.1,16.2405797
2021-10-29 15:39:00,62298.91,62388.33,62360.57,62305.38,7.74768576
2021-10-29 15:40:00,62260.06,62358.89,62316.47,62340.05,28.05312393
2021-10-29 15:41:00,62326.02,62370.09,62337.04,62370.09,7.48733157
2021-10-29 15:42:00,62341.9,62414.0,62370.11,62341.9,15.78834756
2021-10-29 15:43:00,62213.72,62363.91,62345.36,62267.05,22.68364429
2021-10-29 15:44:00,62211.77,62267.07,62267.05,62221.21,12.04864479
2021-10-29 15:45:00,62200.68,62342.1,62221.22,62338.45,18.93397049
2021-10-29 15:46:00,62328.91,62422.51,62329.6,62399.12,11.45340313
2021-10-29 15:47:00,62305.0,62408.09,62395.15,62379.82,20.39447024
2021-10-29 15:48:00,62385.41,62441.64,62395.63,62421.01,17.82406947
2021-10-29 15:49:00,62342.73,62421.84,62421.0,62376.26,8.47222896
2021-10-29 15:50:00,62356.09,62453.27,62382.75,62453.27,14.54788658
2021-10-29 15:51:00,62426.07,62546.09,62453.27,62475.69,33.24447597
2021-10-29 15:52:00,62367.15,62481.7,62481.69,62411.36,12.62522955
2021-10-29 15:53:00,62310.4,62441.41,62417.0,62365.58,18.93766
2021-10-29 15:54:00,62344.2,62399.4,62367.01,62356.28,9.8350868
2021-10-29 15:55:00,62338.76,62399.4,62356.27,62399.39,6.90316623
2021-10-29 15:56:00,62391.65,62417.81,62399.4,62402.12,10.43965486
2021-10-29 15:57:00,62391.65,62471.04,62402.11,62400.59,7.19736366
2021-10-29 15:58:00,62350.0,62406.56,62400.6,62372.42,8.88046869
2021-10-29 15:59:00,62276.79,62399.52,62373.17,62292.15,19.55315026
2021-10-29 16:00:00,62292.14,62487.81,62292.15,62446.51,22.68831985
2021-10-29 16:01:00,62336.06,62444.17,62443.37,62357.75,19.21638117
2021-10-29 16:02:00,62329.58,62686.88,62350.56,62413.45,52.80191277
2021-10-29 16:03:00,62403.18,62654.92,62422.79,62590.12,27.52944029
2021-10-29 16:04:00,62542.16,62703.27,62579.81,62681.19,15.82434978
2021-10-29 16:05:00,62659.6,62807.55,62672.9,62770.63,27.49504627
2021-10-29 16:06:00,62651.72,62831.95,62773.24,62831.95,22.60847312
2021-10-29 16:07:00,62722.85,62855.0,62831.94,62753.69,15.52937649
2021-10-29 16:08:00,62699.06,62777.0,62752.46,62776.66,10.17969348
2021-10-29 16:09:00,62748.39,62844.49,62771.16,62804.46,12.18692566
2021-10-29 16:10:00,62801.53,62866.26,62801.53,62837.47,28.00574333
2021-10-29 16:11:00,62830.29,62869.8,62849.26,62858.33,17.6376323
2021-10-29 16:12:00,62774.13,62864.07,62858.32,62790.05,14.62391467
2021-10-29 16:13:00,62740.24,62802.53,62790.05,62746.26,12.69581644
2021-10-29 16:14:00,62696.66,62792.71,62745.61,62777.46,9.34092333
2021-10-29 16:15:00,62722.35,62818.68,62773.64,62806.55,26.90323955
2021-10-29 16:16:00,62797.92,62944.17,62798.24,62941.0,24.40392601
2021-10-29 16:17:00,62853.6,62974.0,62944.16,62905.27,34.8562547
2021-10-29 16:18:00,62890.01,62968.34,62908.2,62953.01,11.85907512
2021-10-29 16:19:00,62896.41,62972.94,62952.82,62903.52,13.47187308
2021-10-29 16:20:00,62781.08,62914.36,62903.52,62800.01,16.13741775
2021-10-29 16:21:00,62791.66,62913.53,62800.01,62901.8,12.88793741
2021-10-29 16:22:00,62837.73,62920.26,62901.78,62853.21,10.2850007
2021-10-29 16:23:00,62714.86,62858.01,62851.63,62786.63,24.23529395
2021-10-29 16:24:00,62718.51,62804.71,62786.63,62740.67,19.62680093
2021-10-29 16:25:00,62721.81,62802.55,62740.67,62791.77,9.28210667
2021-10-29 16:26:00,62697.75,62826.74,62790.26,62818.13,20.32161446
2021-10-29 16:27:00,62798.64,62875.32,62821.23,62818.53,14.93144936
2021-10-29 16:28:00,62800.0,62850.79,62807.64,62815.19,7.38458312
2021-10-29 16:29:00,62803.77,62849.92,62820.76,62810.49,10.02941433
2021-10-29 16:30:00,62747.19,62850.79,62810.29,62756.09,7.92025261
2021-10-29 16:31:00,62685.85,62760.51,62755.16,62688.1,10.93733853
2021-10-29 16:32:00,62671.13,62698.15,62688.09,62687.99,5.57656856
2021-10-29 16:33:00,62668.78,62720.0,62687.98,62712.9,10.64495384
2021-10-29 16:34:00,62688.78,62742.38,62721.38,62702.41,10.06600504
2021-10-29 16:35:00,62688.16,62737.6,62697.6,62737.6,13.73866732
2021-10-29 16:36:00,62672.02,62744.6,62734.63,62672.64,15.24444329
2021-10-29 16:37:00,62607.43,62680.0,62672.63,62635.33,16.70932187
2021-10-29 16:38:00,62562.4,62662.07,62635.33,62579.8,15.96722414
2021-10-29 16:39:00,62457.17,62609.16,62579.81,62554.14,34.97203224
2021-10-29 16:40:00,62538.57,62625.58,62554.15,62565.28,7.98338917
2021-10-29 16:41:00,62475.87,62565.27,62565.27,62514.1,11.44172777
2021-10-29 16:42:00,62507.4,62571.39,62510.27,62545.05,12.17327404
2021-10-29 16:43:00,62516.54,62589.12,62545.05,62563.2,11.80836886
2021-10-29 16:44:00,62542.91,62575.91,62563.43,62566.14,7.85524599
2021-10-29 16:45:00,62561.99,62694.45,62566.15,62670.16,12.14976803
2021-10-29 16:46:00,62667.21,62732.55,62670.16,62732.54,6.99746698
2021-10-29 16:47:00,62680.85,62744.2,62732.55,62706.16,10.92469387
2021-10-29 16:48:00,62628.25,62717.24,62706.17,62640.9,6.252447
2021-10-29 16:49:00,62620.28,62689.87,62640.9,62674.49,6.37217639
2021-10-29 16:50:00,62674.49,62773.69,62682.08,62759.53,9.1164786
2021-10-29 16:51:00,62723.95,62800.0,62759.53,62760.1,9.30578281
2021-10-29 16:52:00,62729.96,62789.03,62760.1,62738.62,11.59214884
2021-10-29 16:53:00,62727.62,62754.52,62739.78,62729.78,5.14632053
2021-10-29 16:54:00,62705.96,62747.72,62727.24,62718.81,2.93709665
2021-10-29 16:55:00,62708.96,62765.0,62721.17,62742.98,6.48853863
2021-10-29 16:56:00,62731.0,62777.21,62742.98,62734.58,8.96318338
2021-10-29 16:57:00,62710.98,62748.41,62735.77,62722.1,2.64591677
2021-10-29 16:58:00,62668.3,62722.1,62722.1,62671.36,3.42788688
2021-10-29 16:59:00,62593.37,62712.82,62673.83,62598.33,49.8975486
2021-10-29 17:00:00,62565.89,62616.15,62600.75,62616.15,10.19846567
2021-10-29 17:01:00,62561.37,62625.51,62618.24,62561.38,12.53681497
2021-10-29 17:02:00,62548.36,62596.98,62561.38,62591.46,16.93046308
2021-10-29 17:03:00,62579.26,62619.84,62591.45,62581.8,34.19845064
2021-10-29 17:04:00,62507.84,62581.8,62579.26,62532.26,7.49795902
2021-10-29 17:05:00,62524.99,62574.99,62532.26,62574.99,28.27607909
2021-10-29 17:06:00,62522.17,62574.99,62574.99,62530.49,13.72117591
2021-10-29 17:07:00,62530.49,62574.42,62530.49,62574.17,5.32347972
2021-10-29 17:08:00,62546.32,62587.19,62566.44,62555.08,8.33201137
2021-10-29 17:09:00,62559.07,62580.34,62559.07,62573.68,4.21342365
2021-10-29 17:10:00,62569.36,62609.1,62571.35,62599.89,9.78405403
2021-10-29 17:11:00,62576.73,62611.56,62600.92,62576.74,10.08351549
2021-10-29 17:12:00,62574.11,62605.82,62576.73,62603.91,6.20152243
2021-10-29 17:13:00,62598.31,62658.45,62600.79,62625.92,14.67112614
2021-10-29 17:14:00,62500.93,62624.39,62624.39,62515.61,40.03974303
2021-10-29 17:15:00,62489.79,62569.36,62515.58,62516.57,34.70151599
2021-10-29 17:16:00,62490.87,62550.93,62516.56,62490.87,18.50210529
2021-10-29 17:17:00,62296.25,62540.54,62490.88,62534.59,31.83313888
2021-10-29 17:18:00,62447.8,62600.0,62535.66,62573.18,8.97624327
2021-10-29 17:19:00,62573.18,62646.25,62573.18,62611.37,7.54665134
2021-10-29 17:20:00,62557.48,62650.0,62605.21,62563.84,4.79947764
2021-10-29 17:21:00,62563.83,62641.96,62563.84,62609.51,5.83177916
2021-10-29 17:22:00,62569.15,62656.19,62609.51,62628.73,8.65706288
2021-10-29 17:23:00,62601.14,62657.68,62628.73,62643.31,7.66817571
2021-10-29 17:24:00,62613.13,62672.93,62651.31,62629.63,5.85093389
2021-10-29 17:25:00,62624.44,62682.99,62629.63,62670.98,15.73390003
2021-10-29 17:26:00,62629.28,62676.5,62669.65,62670.95,7.51529927
2021-10-29 17:27:00,62601.13,62662.72,62659.5,62628.44,11.84234112
2021-10-29 17:28:00,62608.08,62652.55,62628.44,62639.53,8.55838565
2021-10-29 17:29:00,62564.0,62662.05,62640.4,62610.52,9.42831564
2021-10-29 17:30:00,62489.77,62621.58,62607.69,62530.86,6.95450205
2021-10-29 17:31:00,62530.77,62584.65,62535.23,62574.77,3.97252473
2021-10-29 17:32:00,62546.08,62586.82,62574.77,62586.73,6.19389932
2021-10-29 17:33:00,62582.17,62625.6,62586.74,62582.18,11.49597972
2021-10-29 17:34:00,62500.0,62582.18,62582.18,62525.42,9.46442087
2021-10-29 17:35:00,62519.5,62591.37,62525.42,62565.54,5.0850299
2021-10-29 17:36:00,62506.87,62608.32,62565.55,62552.69,12.34817345
2021-10-29 17:37:00,62504.23,62558.09,62554.43,62508.75,3.07840217
2021-10-29 17:38:00,62503.3,62527.76,62507.96,62526.49,3.41664373
2021-10-29 17:39:00,62514.06,62571.35,62526.49,62565.18,8.4146667
2021-10-29 17:40:00,62500.0,62560.45,62560.45,62538.14,11.59100843
2021-10-29 17:41:00,62497.0,62551.18,62540.71,62498.63,3.43604569
2021-10-29 17:42:00,62494.58,62540.06,62498.63,62515.94,7.08591729
2021-10-29 17:43:00,62495.58,62534.0,62518.5,62500.35,16.63500403
2021-10-29 17:44:00,62450.12,62518.89,62500.35,62463.13,5.8280093
2021-10-29 17:45:00,62457.16,62506.45,62463.13,62506.45,5.68955715
2021-10-29 17:46:00,62473.63,62520.37,62511.95,62504.99,22.25440011
2021-10-29 17:47:00,62407.73,62509.78,62505.53,62423.67,13.5429861
2021-10-29 17:48:00,62382.76,62446.47,62416.88,62432.99,7.30949597
2021-10-29 17:49:00,62364.46,62435.52,62432.98,62382.17,6.13834945
2021-10-29 17:50:00,62368.17,62415.65,62382.16,62394.26,6.32878822
2021-10-29 17:51:00,62374.18,62453.13,62392.56,62445.2,18.75671446
2021-10-29 17:52:00,62391.65,62448.77,62444.19,62391.66,5.84050797
2021-10-29 17:53:00,62391.65,62439.99,62392.38,62429.98,8.13228013
2021-10-29 17:54:00,62350.26,62429.98,62429.98,62395.61,8.51568205
2021-10-29 17:55:00,62360.85,62400.0,62392.73,62363.8,5.40539332
2021-10-29 17:56:00,62356.87,62430.0,62367.78,62384.16,10.91334495
2021-10-29 17:57:00,62354.37,62400.38,62384.16,62363.96,7.19978935
2021-10-29 17:58:00,62363.95,62421.39,62363.96,62421.39,6.63804827
2021-10-29 17:59:00,62369.91,62415.63,62415.63,62413.87,8.26269906
2021-10-29 18:00:00,62401.45,62465.07,62413.87,62412.43,9.31629013
2021-10-29 18:01:00,62378.85,62421.74,62412.44,62380.47,4.12849507
2021-10-29 18:02:00,62373.37,62431.04,62380.47,62386.73,5.20240378
2021-10-29 18:03:00,62386.69,62422.06,62386.72,62416.02,8.93709989
2021-10-29 18:04:00,62383.99,62443.98,62416.63,62417.96,6.61649382
2021-10-29 18:05:00,62393.39,62448.18,62417.96,62439.27,6.64171292
2021-10-29 18:06:00,62432.72,62466.44,62438.11,62453.18,6.63220283
2021-10-29 18:07:00,62412.68,62466.44,62448.43,62414.46,5.95566301
2021-10-29 18:08:00,62386.89,62420.95,62414.46,62399.58,6.60244245
2021-10-29 18:09:00,62366.08,62423.94,62399.01,62423.94,16.43865714
2021-10-29 18:10:00,62418.41,62462.86,62428.48,62441.82,7.39402237
2021-10-29 18:11:00,62420.82,62464.99,62435.08,62459.79,7.86187258
2021-10-29 18:12:00,62443.63,62473.34,62459.8,62464.15,8.64764771
2021-10-29 18:13:00,62433.47,62475.77,62467.06,62463.88,9.90771572
2021-10-29 18:14:00,62458.86,62500.0,62465.11,62480.19,8.71002289
2021-10-29 18:15:00,62435.0,62489.82,62482.27,62438.45,5.22697625
2021-10-29 18:16:00,62428.23,62454.81,62438.51,62432.01,5.31529987
2021-10-29 18:17:00,62379.31,62438.01,62432.81,62391.68,8.15114569
2021-10-29 18:18:00,62365.23,62415.8,62391.06,62366.56,28.85346967
2021-10-29 18:19:00,62319.16,62373.61,62366.56,62327.56,8.19164683
2021-10-29 18:20:00,62321.03,62397.67,62327.57,62334.61,5.6565642
2021-10-29 18:21:00,62311.75,62364.31,62335.93,62350.56,8.48266729
2021-10-29 18:22:00,62300.03,62372.7,62346.43,62309.72,6.79060862
2021-10-29 18:23:00,62300.0,62326.89,62309.72,62308.87,10.57183241
2021-10-29 18:24:00,62264.53,62323.06,62308.88,62266.54,9.04846575
2021-10-29 18:25:00,62260.63,62328.49,62266.55,62268.49,10.44914414
2021-10-29 18:26:00,62185.88,62288.19,62265.43,62205.91,29.11126392
2021-10-29 18:27:00,62200.15,62235.63,62205.91,62200.15,8.22207061
2021-10-29 18:28:00,62200.01,62241.59,62200.15,62235.68,5.25739602
2021-10-29 18:29:00,62162.6,62239.51,62239.51,62165.39,8.48429742
2021-10-29 18:30:00,62163.45,62288.8,62164.68,62280.06,32.15724605
2021-10-29 18:31:00,62239.74,62291.1,62285.22,62274.46,9.61517578
2021-10-29 18:32:00,62247.79,62289.98,62273.2,62282.57,5.07842884
2021-10-29 18:33:00,62282.57,62324.58,62282.58,62316.57,4.86463916
2021-10-29 18:34:00,62265.0,62322.98,62316.57,62271.01,9.12642616
2021-10-29 18:35:00,62266.65,62326.39,62275.81,62309.43,4.47657803
2021-10-29 18:36:00,62232.7,62309.44,62309.44,62250.0,8.39098167
2021-10-29 18:37:00,62192.37,62253.47,62250.0,62212.79,3.87754654
2021-10-29 18:38:00,62099.0,62230.8,62214.99,62204.28,20.86375294
2021-10-29 18:39:00,62207.53,62265.0,62207.53,62264.99,5.66720674
2021-10-29 18:40:00,62223.86,62283.99,62264.99,62280.67,7.65195226
2021-10-29 18:41:00,62206.42,62285.99,62280.66,62208.54,11.04082171
2021-10-29 18:42:00,62167.95,62238.61,62208.55,62180.5,4.20018552
2021-10-29 18:43:00,62131.11,62189.41,62180.51,62149.89,13.51047714
2021-10-29 18:44:00,62142.54,62201.57,62149.88,62159.99,9.1501663
2021-10-29 18:45:00,62156.66,62209.77,62156.66,62189.98,16.01939005
2021-10-29 18:46:00,62150.85,62206.38,62189.98,62156.72,5.84227932
2021-10-29 18:47:00,62096.02,62156.84,62156.73,62120.58,11.96396842
2021-10-29 18:48:00,62107.25,62184.98,62119.03,62184.98,7.89126944
2021-10-29 18:49:00,62165.19,62203.31,62184.98,62190.46,8.72803369
2021-10-29 18:50:00,62141.84,62201.87,62190.47,62141.85,9.85250919
2021-10-29 18:51:00,62132.51,62165.75,62141.84,62150.0,12.61376123
2021-10-29 18:52:00,62149.99,62187.88,62149.99,62150.01,6.73174808
2021-10-29 18:53:00,62124.19,62193.52,62150.0,62193.52,12.59167663
2021-10-29 18:54:00,62131.2,62199.38,62193.51,62131.2,8.12883748
2021-10-29 18:55:00,62096.99,62173.3,62131.65,62104.93,7.62086957
2021-10-29 18:56:00,62040.5,62111.84,62104.86,62097.07,11.70736508
2021-10-29 18:57:00,62030.47,62146.18,62085.44,62030.48,9.93289881
2021-10-29 18:58:00,61977.09,62064.54,62030.48,62027.8,17.18080452
2021-10-29 18:59:00,62000.0,62100.0,62027.81,62099.99,9.20483777
2021-10-29 19:00:00,62034.63,62098.62,62096.42,62058.04,6.38874199
2021-10-29 19:01:00,62015.47,62100.0,62058.05,62015.47,10.03126468
2021-10-29 19:02:00,61964.59,62075.57,62015.48,62075.57,10.88805307
2021-10-29 19:03:00,62053.11,62112.72,62072.03,62112.72,8.34566809
2021-10-29 19:04:00,62105.49,62146.45,62107.46,62127.01,8.90565737
2021-10-29 19:05:00,62116.61,62148.35,62128.15,62122.8,7.47888266
2021-10-29 19:06:00,62083.37,62135.72,62122.81,62084.75,7.20552548
2021-10-29 19:07:00,62084.7,62174.2,62086.01,62171.33,6.89033749
2021-10-29 19:08:00,62100.99,62183.36,62169.62,62132.3,14.3492032
2021-10-29 19:09:00,62128.49,62167.8,62128.49,62166.94,6.6888989
2021-10-29 19:10:00,62132.29,62167.74,62167.73,62138.58,4.37302499
2021-10-29 19:11:00,62119.29,62150.0,62133.06,62124.34,4.31916778
2021-10-29 19:12:00,62125.43,62176.65,62127.17,62161.74,5.56761195
2021-10-29 19:13:00,62128.1,62164.67,62161.73,62136.0,4.26994301
2021-10-29 19:14:00,62115.0,62146.09,62136.01,62117.18,4.72405301
2021-10-29 19:15:00,62115.0,62196.62,62121.55,62196.62,6.59970288
2021-10-29 19:16:00,62167.71,62203.25,62196.62,62173.59,15.69220515
2021-10-29 19:17:00,62144.94,62174.66,62173.59,62153.59,13.25905388
2021-10-29 19:18:00,62110.58,62153.6,62153.59,62143.25,6.82434258
2021-10-29 19:19:00,62090.55,62143.22,62139.29,62108.36,29.49028013
2021-10-29 19:20:00,62054.24,62114.8,62106.74,62059.99,32.5528308
2021-10-29 19:21:00,62016.22,62059.41,62054.31,62037.35,17.17110404
2021-10-29 19:22:00,62024.0,62059.31,62037.35,62059.3,5.85472097
2021-10-29 19:23:00,62035.66,62099.99,62059.3,62048.55,30.33028222
2021-10-29 19:24:00,62024.4,62051.77,62050.2,62040.19,18.4633635
2021-10-29 19:25:00,62027.4,62100.0,62040.19,62100.0,8.64098653
2021-10-29 19:26:00,62033.73,62100.0,62099.12,62041.3,11.68949368
2021-10-29 19:27:00,62032.12,62082.1,62045.17,62041.26,5.25004186
2021-10-29 19:28:00,62039.54,62104.82,62041.26,62102.83,12.08825008
2021-10-29 19:29:00,62067.8,62102.84,62102.84,62075.51,7.97309462
2021-10-29 19:30:00,62050.01,62099.99,62076.41,62056.11,13.71653553
2021-10-29 19:31:00,62032.14,62061.4,62056.11,62048.05,7.05700458
2021-10-29 19:32:00,62048.05,62098.43,62048.06,62097.26,3.67164443
2021-10-29 19:33:00,62096.61,62101.38,62097.27,62101.37,11.71690986
2021-10-29 19:34:00,62096.61,62157.28,62101.37,62107.71,50.48203023
2021-10-29 19:35:00,62008.54,62135.0,62102.15,62012.32,28.71588703
2021-10-29 19:36:00,61963.58,62023.63,62008.55,61970.4,6.90623204
2021-10-29 19:37:00,61917.33,62205.93,61963.58,62199.01,35.68645173
2021-10-29 19:38:00,62153.61,62199.36,62196.66,62173.31,6.91653584
2021-10-29 19:39:00,62069.49,62196.03,62173.32,62084.77,20.55080943
2021-10-29 19:40:00,62025.03,62115.02,62086.49,62059.75,16.6398916
2021-10-29 19:41:00,62058.97,62163.19,62065.24,62163.19,8.65219578
2021-10-29 19:42:00,62095.07,62163.38,62162.25,62140.6,5.30965188
2021-10-29 19:43:00,62124.48,62180.58,62140.59,62140.62,18.83132003
2021-10-29 19:44:00,62121.99,62200.0,62140.62,62185.97,16.76451012
2021-10-29 19:45:00,62176.3,62213.85,62188.67,62207.91,6.78782715
2021-10-29 19:46:00,62199.17,62270.0,62212.05,62270.0,8.89805313
2021-10-29 19:47:00,62172.0,62278.86,62270.0,62179.75,18.71696867
2021-10-29 19:48:00,62151.89,62212.7,62179.75,62182.76,20.67541422
2021-10-29 19:49:00,62151.42,62204.79,62182.75,62204.79,12.76814658
2021-10-29 19:50:00,62181.68,62213.94,62202.8,62205.02,23.40821054
2021-10-29 19:51:00,62176.99,62261.74,62205.02,62254.76,13.57785779
2021-10-29 19:52:00,62237.59,62270.0,62254.75,62262.65,16.82672465
2021-10-29 19:53:00,62262.64,62328.55,62265.0,62328.55,7.58520121
2021-10-29 19:54:00,62327.75,62478.1,62329.4,62464.21,23.56550007
2021-10-29 19:55:00,62400.62,62477.18,62466.32,62439.59,8.2578777
2021-10-29 19:56:00,62338.88,62439.59,62439.58,62367.29,19.49629891
2021-10-29 19:57:00,62323.21,62369.14,62367.28,62323.22,18.63389721
2021-10-29 19:58:00,62314.9,62440.0,62323.21,62439.99,11.81430599
2021-10-29 19:59:00,62440.0,62687.98,62440.0,62558.98,45.72980554
2021-10-29 20:00:00,62471.82,62744.8,62567.5,62498.55,17.42722606
2021-10-29 20:01:00,62356.36,62498.55,62497.26,62388.21,22.50526139
2021-10-29 20:02:00,62310.36,62399.12,62388.22,62356.89,16.3245664
2021-10-29 20:03:00,62278.71,62360.31,62358.86,62303.64,41.23062405
2021-10-29 20:04:00,62289.28,62342.84,62303.64,62326.59,18.5100366
2021-10-29 20:05:00,62291.14,62348.21,62326.6,62335.46,5.85137736
2021-10-29 20:06:00,62289.33,62379.29,62335.46,62379.29,10.1386167
2021-10-29 20:07:00,62376.94,62438.06,62379.29,62430.97,13.09545662
2021-10-29 20:08:00,62386.84,62469.83,62437.55,62388.71,16.99991798
2021-10-29 20:09:00,62346.57,62420.01,62388.71,62418.34,9.70098932
2021-10-29 20:10:00,62385.04,62418.34,62418.34,62390.0,16.06430605
2021-10-29 20:11:00,62346.57,62390.0,62390.0,62364.17,9.3213134
2021-10-29 20:12:00,62364.18,62420.01,62364.18,62406.48,12.91952799
2021-10-29 20:13:00,62390.75,62459.81,62407.13,62459.81,12.08175482
2021-10-29 20:14:00,62441.6,62486.41,62459.81,62473.28,11.61529627
2021-10-29 20:15:00,62449.95,62500.0,62471.96,62500.0,9.40852394
2021-10-29 20:16:00,62481.56,62534.62,62500.0,62528.95,3.6706507
2021-10-29 20:17:00,62469.29,62550.0,62528.95,62525.56,6.41031308
2021-10-29 20:18:00,62492.63,62531.49,62525.55,62522.88,4.08119584
2021-10-29 20:19:00,62471.56,62518.12,62518.08,62480.15,8.81836763
2021-10-29 20:20:00,62466.48,62514.3,62479.38,62514.29,7.1610651
2021-10-29 20:21:00,62437.13,62523.35,62514.45,62439.78,11.13046462
2021-10-29 20:22:00,62410.01,62455.25,62439.77,62415.65,4.72583945
2021-10-29 20:23:00,62389.88,62432.25,62415.66,62399.79,5.21964977
2021-10-29 20:24:00,62394.05,62408.3,62396.29,62394.06,1.68833392
2021-10-29 20:25:00,62353.03,62420.09,62394.06,62353.19,3.85231345
2021-10-29 20:26:00,62329.95,62366.24,62353.61,62350.06,5.41392845
2021-10-29 20:27:00,62334.22,62394.02,62348.04,62346.45,5.22456653
2021-10-29 20:28:00,62329.65,62358.45,62340.88,62331.11,3.80764469
2021-10-29 20:29:00,62330.18,62389.9,62331.12,62382.04,3.8037929
2021-10-29 20:30:00,62377.96,62415.83,62385.33,62408.18,4.95523238
2021-10-29 20:31:00,62408.18,62458.52,62408.19,62452.63,5.50836945
2021-10-29 20:32:00,62451.02,62541.08,62451.68,62537.56,7.8287682
2021-10-29 20:33:00,62465.68,62545.96,62529.35,62515.0,5.88577309
2021-10-29 20:34:00,62502.72,62533.11,62515.0,62531.53,6.4077137
2021-10-29 20:35:00,62468.34,62538.82,62535.98,62479.18,4.863329
2021-10-29 20:36:00,62445.4,62477.16,62470.87,62465.72,6.37589245
2021-10-29 20:37:00,62462.66,62500.0,62465.73,62462.67,3.52062306
2021-10-29 20:38:00,62455.41,62514.38,62462.66,62500.12,6.64564331
2021-10-29 20:39:00,62456.75,62504.29,62500.11,62462.7,3.7215574
2021-10-29 20:40:00,62456.8,62478.38,62462.7,62470.83,3.30453064
2021-10-29 20:41:00,62444.75,62472.28,62465.51,62449.86,5.71521373
2021-10-29 20:42:00,62411.59,62446.44,62444.99,62414.04,4.36980519
2021-10-29 20:43:00,62405.21,62464.73,62414.05,62457.15,3.30329959
2021-10-29 20:44:00,62420.68,62461.43,62460.7,62433.81,7.27028671
2021-10-29 20:45:00,62420.69,62450.71,62433.81,62421.67,12.27084474
2021-10-29 20:46:00,62420.68,62464.13,62421.67,62458.34,7.17923586
2021-10-29 20:47:00,62420.68,62459.34,62458.34,62457.42,10.72278747
2021-10-29 20:48:00,62454.77,62483.57,62454.77,62480.78,5.800597
2021-10-29 20:49:00,62405.21,62480.78,62480.78,62405.21,3.63751143
2021-10-29 20:50:00,62329.98,62419.29,62405.21,62354.72,8.31306724
2021-10-29 20:51:00,62343.31,62387.97,62363.25,62371.79,9.29016151
2021-10-29 20:52:00,62365.14,62387.9,62371.11,62378.61,1.54084752
2021-10-29 20:53:00,62354.33,62385.69,62377.61,62359.19,6.39240975
2021-10-29 20:54:00,62359.19,62373.48,62359.2,62373.48,3.39314922
2021-10-29 20:55:00,62354.33,62421.4,62373.48,62376.68,5.3496545
2021-10-29 20:56:00,62373.87,62420.38,62376.53,62399.91,3.51003566
2021-10-29 20:57:00,62395.38,62421.39,62399.54,62405.84,2.59528327
2021-10-29 20:58:00,62400.63,62457.23,62405.84,62457.23,5.78190002
2021-10-29 20:59:00,62387.3,62500.0,62449.99,62387.62,4.18291852
2021-10-29 21:00:00,62367.15,62410.95,62393.14,62399.3,5.27227757
2021-10-29 21:01:00,62382.43,62455.76,62398.42,62455.76,10.51305548
2021-10-29 21:02:00,62452.41,62502.16,62455.76,62479.97,6.05034672
2021-10-29 21:03:00,62418.09,62484.19,62479.78,62431.02,9.58628389
2021-10-29 21:04:00,62411.0,62451.89,62430.09,62411.01,2.87664919
2021-10-29 21:05:00,62379.08,62418.49,62413.31,62399.85,3.03117853
2021-10-29 21:06:00,62391.95,62471.85,62391.95,62471.8,3.7260222
2021-10-29 21:07:00,62452.52,62480.5,62471.85,62452.95,3.34450224
2021-10-29 21:08:00,62450.05,62482.86,62452.96,62478.12,2.81709249
2021-10-29 21:09:00,62475.08,62492.61,62478.96,62485.41,3.85962794
2021-10-29 21:10:00,62461.34,62486.59,62479.93,62473.0,2.61826657
2021-10-29 21:11:00,62450.61,62477.6,62473.0,62452.61,3.6734093
2021-10-29 21:12:00,62433.41,62461.63,62452.6,62440.69,2.44894564
2021-10-29 21:13:00,62333.22,62440.4,62440.4,62339.23,3.19492772
2021-10-29 21:14:00,62308.24,62343.97,62343.97,62323.5,8.5783205
2021-10-29 21:15:00,62312.53,62340.47,62324.15,62340.27,3.65014638
2021-10-29 21:16:00,62338.71,62380.01,62338.71,62380.01,8.35608247
2021-10-29 21:17:00,62380.0,62435.92,62380.01,62430.46,2.98743516
2021-10-29 21:18:00,62414.25,62432.74,62430.45,62417.9,4.98167234
2021-10-29 21:19:00,62338.33,62422.8,62421.95,62338.8,2.50511857
2021-10-29 21:20:00,62307.96,62350.12,62338.8,62314.12,4.13631635
2021-10-29 21:21:00,62314.0,62320.0,62314.09,62320.0,2.46236801
2021-10-29 21:22:00,62317.33,62380.09,62317.7,62354.74,6.23531438
2021-10-29 21:23:00,62347.46,62357.32,62347.46,62354.38,1.4680822
2021-10-29 21:24:00,62351.9,62356.0,62354.37,62355.1,1.66502607
2021-10-29 21:25:00,62300.13,62356.0,62356.0,62305.73,3.98905506
2021-10-29 21:26:00,62300.0,62326.66,62302.79,62305.47,4.01696108
2021-10-29 21:27:00,62300.0,62324.2,62305.47,62324.2,2.74767337
2021-10-29 21:28:00,62296.84,62334.03,62324.2,62303.46,11.26431285
2021-10-29 21:29:00,62170.01,62303.46,62303.35,62178.41,11.98734169
2021-10-29 21:30:00,62174.66,62218.02,62178.41,62210.52,3.2151299
2021-10-29 21:31:00,62202.62,62262.79,62209.04,62260.65,4.52430769
2021-10-29 21:32:00,62260.83,62268.4,62262.79,62262.85,1.70780374
2021-10-29 21:33:00,62232.18,62265.04,62262.85,62247.07,3.11917736
2021-10-29 21:34:00,62247.07,62270.47,62247.07,62270.47,2.48318551
2021-10-29 21:35:00,62232.2,62299.53,62270.47,62293.64,14.13478545
2021-10-29 21:36:00,62284.94,62304.21,62293.64,62298.22,2.31410955
2021-10-29 21:37:00,62298.72,62314.82,62301.0,62314.82,3.94300926
2021-10-29 21:38:00,62302.26,62316.53,62309.89,62306.38,5.71784621
2021-10-29 21:39:00,62306.4,62330.33,62311.22,62330.33,4.36000772
2021-10-29 21:40:00,62326.77,62391.45,62335.08,62379.33,1.98551636
2021-10-29 21:41:00,62378.53,62425.0,62380.61,62424.95,3.47066608
2021-10-29 21:42:00,62414.61,62443.37,62424.95,62441.79,2.99477201
2021-10-29 21:43:00,62424.95,62518.63,62443.37,62512.54,7.73320422
2021-10-29 21:44:00,62493.55,62523.86,62518.02,62493.55,3.48517527
2021-10-29 21:45:00,62408.84,62499.85,62499.85,62422.81,4.0305563
2021-10-29 21:46:00,62421.48,62455.94,62426.85,62439.94,6.27163515
2021-10-29 21:47:00,62426.82,62438.83,62429.68,62434.11,2.2895441
2021-10-29 21:48:00,62389.02,62439.69,62438.79,62398.17,2.93830157
2021-10-29 21:49:00,62377.3,62394.62,62389.7,62389.05,3.13817895
2021-10-29 21:50:00,62382.86,62436.31,62389.05,62432.81,2.68859428
2021-10-29 21:51:00,62418.85,62442.3,62426.96,62438.91,1.85838615
2021-10-29 21:52:00,62432.77,62489.8,62438.91,62477.19,4.73744005
2021-10-29 21:53:00,62440.17,62486.71,62477.18,62474.61,2.91630909
2021-10-29 21:54:00,62421.73,62485.95,62474.61,62430.31,10.29540867
2021-10-29 21:55:00,62430.31,62441.42,62430.31,62439.45,1.84730302
2021-10-29 21:56:00,62430.31,62453.74,62439.45,62431.65,1.88291719
2021-10-29 21:57:00,62424.51,62442.21,62431.64,62425.24,4.63328601
2021-10-29 21:58:00,62419.93,62432.74,62425.24,62421.13,1.40287422
2021-10-29 21:59:00,62380.0,62426.76,62425.87,62382.15,2.7749992
2021-10-29 22:00:00,62381.21,62486.71,62382.15,62467.96,4.40724726
2021-10-29 22:01:00,62384.41,62499.14,62475.61,62418.93,3.57341195
2021-10-29 22:02:00,62332.07,62424.3,62424.3,62361.11,5.37596263
2021-10-29 22:03:00,62302.94,62365.3,62361.11,62311.64,4.46794774
2021-10-29 22:04:00,62294.03,62382.86,62318.82,62375.12,5.21750305
2021-10-29 22:05:00,62371.27,62406.95,62375.12,62384.68,3.25137576
2021-10-29 22:06:00,62379.73,62422.97,62384.67,62414.76,2.29438222
2021-10-29 22:07:00,62328.23,62427.68,62412.29,62358.71,9.09886218
2021-10-29 22:08:00,62294.46,62378.14,62366.52,62328.85,5.40839421
2021-10-29 22:09:00,62287.96,62331.73,62331.73,62307.57,4.25332981
2021-10-29 22:10:00,62306.8,62396.64,62307.58,62334.97,9.56353905
2021-10-29 22:11:00,62324.73,62380.2,62328.16,62371.89,2.31239183
2021-10-29 22:12:00,62352.55,62390.2,62377.62,62369.88,4.46476107
2021-10-29 22:13:00,62365.41,62395.29,62369.88,62385.84,6.16461291
2021-10-29 22:14:00,62385.73,62415.59,62385.84,62407.45,7.67146785
2021-10-29 22:15:00,62355.67,62407.81,62401.8,62374.58,7.37519897
2021-10-29 22:16:00,62363.13,62404.21,62364.8,62403.34,2.49125862
2021-10-29 22:17:00,62373.0,62418.49,62400.69,62380.76,2.41083978
2021-10-29 22:18:00,62373.43,62400.01,62380.76,62389.23,4.86013677
2021-10-29 22:19:00,62381.28,62420.69,62389.24,62415.5,1.89533943
2021-10-29 22:20:00,62403.75,62446.2,62411.64,62443.32,2.04923739
2021-10-29 22:21:00,62437.04,62471.91,62443.31,62463.65,2.8931334
2021-10-29 22:22:00,62421.64,62463.53,62463.53,62440.1,3.98960909
2021-10-29 22:23:00,62342.53,62451.34,62442.97,62380.97,6.10684567
2021-10-29 22:24:00,62341.56,62400.1,62380.97,62379.5,4.24034536
2021-10-29 22:25:00,62322.47,62386.18,62384.23,62352.79,3.64813476
2021-10-29 22:26:00,62326.98,62362.88,62352.79,62340.79,2.91596444
2021-10-29 22:27:00,62319.85,62353.89,62342.7,62325.87,5.75390773
2021-10-29 22:28:00,62286.15,62336.34,62325.86,62296.78,4.32724781
2021-10-29 22:29:00,62279.72,62311.64,62293.6,62296.83,2.73063122
2021-10-29 22:30:00,62255.14,62319.9,62296.86,62261.64,6.326857
2021-10-29 22:31:00,62229.99,62269.7,62256.09,62231.42,8.1755209
2021-10-29 22:32:00,62210.52,62244.5,62237.68,62233.46,1.42946869
2021-10-29 22:33:00,62205.22,62241.53,62237.8,62215.66,3.59716708
2021-10-29 22:34:00,62211.73,62241.31,62216.21,62230.3,1.91679447
2021-10-29 22:35:00,62205.4,62279.62,62230.3,62270.21,3.3859766
2021-10-29 22:36:00,62253.4,62307.96,62270.21,62306.98,4.63765335
2021-10-29 22:37:00,62283.55,62309.47,62304.7,62302.2,3.8678971
2021-10-29 22:38:00,62283.67,62324.57,62302.19,62318.04,4.66047281
2021-10-29 22:39:00,62285.89,62324.42,62313.88,62298.06,1.76793438
2021-10-29 22:40:00,62291.31,62350.0,62298.06,62350.0,1.79698502
2021-10-29 22:41:00,62319.26,62356.74,62350.0,62356.37,3.03370302
2021-10-29 22:42:00,62317.14,62360.25,62352.12,62352.1,1.67867666
2021-10-29 22:43:00,62310.94,62358.0,62343.26,62327.04,2.33320012
2021-10-29 22:44:00,62280.43,62330.58,62328.32,62302.7,2.15738945
2021-10-29 22:45:00,62294.35,62329.91,62302.7,62312.01,1.91115455
2021-10-29 22:46:00,62293.91,62329.13,62312.01,62319.8,2.59253709
2021-10-29 22:47:00,62262.53,62325.56,62321.09,62300.01,7.93676874
2021-10-29 22:48:00,62282.76,62320.3,62296.31,62287.45,2.46701296
2021-10-29 22:49:00,62263.1,62306.12,62285.92,62291.23,8.18998101
2021-10-29 22:50:00,62291.23,62314.71,62291.23,62312.62,17.53099534
2021-10-29 22:51:00,62308.17,62372.42,62312.61,62367.09,4.46707632
2021-10-29 22:52:00,62341.97,62404.05,62368.63,62393.55,2.34002184
2021-10-29 22:53:00,62342.01,62408.41,62392.63,62357.46,2.68435461
2021-10-29 22:54:00,62354.96,62373.53,62355.54,62363.93,1.11333027
2021-10-29 22:55:00,62312.62,62369.68,62365.19,62318.01,10.8470295
2021-10-29 22:56:00,62296.06,62325.92,62313.3,62297.73,4.14445215
2021-10-29 22:57:00,62297.73,62307.31,62297.74,62297.73,1.23668397
2021-10-29 22:58:00,62291.23,62338.34,62301.43,62330.04,7.94499896
2021-10-29 22:59:00,62330.03,62353.59,62330.04,62351.65,5.40960759
2021-10-29 23:00:00,62326.06,62362.35,62351.64,62340.44,4.29902075
2021-10-29 23:01:00,62303.38,62344.08,62340.44,62315.85,3.36597163
2021-10-29 23:02:00,62294.42,62347.17,62314.76,62301.39,2.53127351
2021-10-29 23:03:00,62291.23,62308.68,62303.84,62293.94,3.25001283
2021-10-29 23:04:00,62291.23,62329.5,62293.94,62328.28,3.67355265
2021-10-29 23:05:00,62277.78,62335.85,62328.28,62286.39,8.01610787
2021-10-29 23:06:00,62240.3,62288.38,62288.18,62240.31,17.16452679
2021-10-29 23:07:00,62229.46,62269.92,62240.32,62242.32,10.66708934
2021-10-29 23:08:00,62228.76,62270.77,62242.33,62254.92,5.50703075
2021-10-29 23:09:00,62243.38,62264.01,62254.92,62250.0,9.6754625
2021-10-29 23:10:00,62226.53,62289.95,62249.01,62234.78,3.98683537
2021-10-29 23:11:00,62221.08,62249.83,62233.96,62240.9,2.15575162
2021-10-29 23:12:00,62233.87,62270.83,62240.94,62247.73,3.10582212
2021-10-29 23:13:00,62235.67,62260.34,62241.04,62247.79,1.42240622
2021-10-29 23:14:00,62230.79,62290.79,62247.79,62252.14,8.20177517
2021-10-29 23:15:00,62247.67,62312.8,62255.45,62306.93,1.67303258
2021-10-29 23:16:00,62300.0,62322.77,62310.26,62308.49,2.02223844
2021-10-29 23:17:00,62300.0,62326.37,62302.0,62313.44,1.8426477
2021-10-29 23:18:00,62309.17,62330.61,62313.44,62324.98,1.1535151
2021-10-29 23:19:00,62323.87,62362.32,62330.68,62359.43,2.40863745
2021-10-29 23:20:00,62359.46,62373.76,62360.23,62372.31,2.78082136
2021-10-29 23:21:00,62372.44,62401.5,62373.7,62401.5,4.80880086
2021-10-29 23:22:00,62398.28,62438.19,62401.5,62431.0,3.72483508
2021-10-29 23:23:00,62294.05,62439.25,62430.99,62346.8,17.67587868
2021-10-29 23:24:00,62324.74,62393.03,62346.81,62368.79,7.0337897
2021-10-29 23:25:00,62306.75,62382.08,62370.7,62309.38,4.14264112
2021-10-29 23:26:00,62259.35,62322.19,62309.55,62274.79,3.13830498
2021-10-29 23:27:00,62244.76,62280.67,62272.36,62271.07,2.61391279
2021-10-29 23:28:00,62257.42,62292.7,62273.01,62287.14,3.8454154
2021-10-29 23:29:00,62251.99,62287.14,62281.03,62267.13,2.36118215
2021-10-29 23:30:00,62208.02,62269.21,62263.31,62232.66,3.78852926
2021-10-29 23:31:00,62211.15,62236.92,62233.69,62229.28,2.48995106
2021-10-29 23:32:00,62183.7,62229.58,62228.69,62192.12,6.48410731
2021-10-29 23:33:00,62182.3,62219.56,62192.12,62204.91,7.34450786
2021-10-29 23:34:00,62198.18,62245.06,62205.26,62226.27,3.84123777
2021-10-29 23:35:00,62216.64,62246.81,62220.9,62235.56,3.07465762
2021-10-29 23:36:00,62180.01,62243.15,62235.56,62180.01,3.96710431
2021-10-29 23:37:00,62135.93,62193.27,62180.0,62135.94,14.36624996
2021-10-29 23:38:00,62133.49,62203.69,62135.94,62149.54,4.59728501
2021-10-29 23:39:00,62128.18,62156.11,62149.54,62145.4,3.50807978
2021-10-29 23:40:00,62103.31,62153.07,62144.88,62110.0,7.01916806
2021-10-29 23:41:00,62081.89,62120.79,62110.0,62097.51,2.91572007
2021-10-29 23:42:00,62072.55,62111.55,62097.51,62084.41,3.15926397
2021-10-29 23:43:00,62080.93,62155.1,62084.39,62117.49,3.55275707
2021-10-29 23:44:00,62113.68,62150.0,62123.39,62136.38,0.92977651
2021-10-29 23:45:00,62134.35,62171.52,62137.11,62159.01,2.61652893
2021-10-29 23:46:00,62142.99,62215.17,62163.99,62203.98,3.52206843
2021-10-29 23:47:00,62180.04,62213.59,62203.98,62193.7,3.10385301
2021-10-29 23:48:00,62152.96,62200.0,62193.19,62152.96,3.56802068
2021-10-29 23:49:00,62139.19,62207.74,62150.98,62200.41,1.1458057
2021-10-29 23:50:00,62193.55,62204.14,62200.42,62203.68,1.03350227
2021-10-29 23:51:00,62173.98,62210.86,62204.14,62203.73,1.09743357
2021-10-29 23:52:00,62190.22,62223.1,62203.74,62222.69,1.53682139
2021-10-29 23:53:00,62215.28,62247.83,62218.75,62231.1,1.85109612
2021-10-29 23:54:00,62229.19,62266.12,62238.3,62264.69,2.25952543
2021-10-29 23:55:00,62233.01,62277.17,62264.46,62257.02,3.2237152
2021-10-29 23:56:00,62252.35,62275.97,62257.02,62269.35,1.35508518
2021-10-29 23:57:00,62245.21,62283.54,62269.35,62273.15,1.41665749
2021-10-29 23:58:00,62244.5,62279.87,62273.16,62257.69,1.99128365
2021-10-29 23:59:00,62255.73,62297.9,62257.69,62276.72,3.15734769
2021-10-30 00:00:00,62278.71,62336.5,62287.95,62316.4,9.36168397
